sale_id,customer_id,product_id,order_date,quantity,unit_price,sales_amount,sales_channel,store_name,payment_method
SALE10001,CUST1085,PROD122,2025-02-10,1,2269.94,2269.94,Online,Houston West,Mastercard
SALE10002,CUST1089,PROD150,2025-06-15,2,1211.34,2422.68,Online,Denver Central,Amex
SALE10003,CUST1093,PROD116,2024-08-06,2,1870.95,3741.90,Dealer,Denver Central,Mastercard
SALE10004,CUST1031,PROD120,2024-02-02,4,267.32,1069.28,Store,Phoenix East,ACH
SALE10005,CUST1060,PROD150,2025-02-21,3,1140.09,3420.27,Dealer,Online Warehouse,PayPal
SALE10006,CUST1105,PROD113,2024-05-27,1,2230.08,2230.08,Online,Phoenix East,PayPal
SALE10007,CUST1048,PROD136,2025-11-22,1,754.42,754.42,Online,Dallas North,Visa
SALE10008,CUST1021,PROD118,2023-10-29,2,2735.04,5470.08,Store,Austin Downtown,Mastercard
SALE10009,CUST1058,PROD157,2025-04-29,3,3097.21,9291.63,Online,Denver Central,ACH
SALE10010,CUST1031,PROD125,2024-04-04,1,2378.15,2378.15,Online,Dallas North,Visa
SALE10011,CUST1092,PROD142,2023-10-27,2,363.74,727.48,Online,Austin Downtown,Amex
SALE10012,CUST1107,PROD131,2025-08-18,2,967.22,1934.44,store,Online Warehouse,Visa
SALE10013,CUST1011,PROD102,11/03/2023,3,765.04,2295.12,Dealer,Phoenix East,ACH
SALE10014,CUST1055,PROD108,2024-09-08,2,357.37,714.74,Online,Austin Downtown,Mastercard
SALE10015,CUST1082,PROD151,2023-08-16,4,1455.99,5823.96,Store,Online Warehouse,ACH
SALE10016,CUST1081,PROD133,2023-10-22,2,2560.78,5121.56,Store,Denver Central,Visa
SALE10017,CUST1046,PROD116,2023-06-25,2,2078.83,4157.66,Dealer,Dallas North,Visa
SALE10018,CUST1070,PROD133,2025-08-20,1,2862.05,2862.05,Online,Phoenix East,paypal
SALE10019,CUST1033,PROD148,2023-05-19,1,483.99,483.99,Store,Houston West,Cash
SALE10020,CUST1081,PROD107,2023-04-01,2,969.91,1939.82,Store,Online Warehouse,Amex
SALE10021,CUST1083,PROD112,2025-09-07,4,2142.58,8570.32,Dealer,Houston West,Mastercard
SALE10022,CUST1092,PROD150,2024-08-23,4,1425.11,5700.44,Online,Austin Downtown,Mastercard
SALE10023,CUST1006,PROD121,2025-03-26,2,2733.97,5467.94,Dealer,Denver Central,Amex
SALE10024,CUST1097,PROD142,2025-01-01,1,454.68,454.68,online,Phoenix East,Amex
SALE10025,CUST1016,PROD152,2025-03-30,2,1692.74,3385.48,Dealer,DENVER CENTRAL,PayPal
SALE10026,CUST1024,PROD132,11/29/2025,2,2387.28,4774.56,Store,Austin Downtown,Cash
SALE10027,CUST1011,PROD128,2024-08-24,1,441.00,441.00,Store,Austin Downtown,Visa
SALE10028,CUST1085,PROD119,2025-05-22,2,1250.79,2501.58,Online,Phoenix East,PayPal
SALE10029,CUST1058,PROD103,09-Jun-2025,2,2515.10,5030.20,Store,Phoenix East,Visa
SALE10030,CUST1086,PROD141,2025-11-16,2,999.39,1998.78,Dealer,Phoenix East,Mastercard
SALE10031,CUST1019,PROD155,2023-09-16,4,2482.35,9929.40,Online,Houston West,Cash
SALE10032,CUST1047,PROD125,2023-11-11,1,2140.34,2140.34,Dealer,Denver Central,Amex
SALE10033,CUST1057,PROD149,2023-10-09,1,1630.63,1630.63,Dealer,Dallas North,PayPal
SALE10034,CUST1084,PROD118,2023-02-23,1,3038.93,3038.93,Dealer,Houston West,PayPal
SALE10035,CUST1050,PROD159,2024-06-17,1,1000.81,1000.81,Dealer,Denver Central,Mastercard
SALE10036,CUST1037,PROD145,2023-09-09,4,84.37,337.48,online,Austin Downtown,paypal
SALE10037,CUST1116,PROD146,2024-10-16,4,1404.32,5617.28,Dealer,Dallas North,Cash
SALE10038,CUST1071,PROD135,2023-11-19,3,383.57,1150.71,Dealer,Phoenix East,Cash
SALE10039,CUST1023,PROD151,04/04/2024,3,1310.39,3931.17,Online,Houston West,Mastercard
SALE10040,CUST1102,PROD132,2026-02-08,1,2387.28,2387.28,Dealer,Dallas North,PayPal
SALE10041,CUST1071,PROD109,2024-09-25,1,1818.79,1818.79,Store,Phoenix East,Cash
SALE10042,CUST1068,PROD127,2023-06-01,2,2171.28,4342.56,Online,Dallas North,Cash
SALE10043,CUST1058,PROD130,2026-02-03,3,1096.48,3289.44,Dealer,Online Warehouse,Mastercard
SALE10044,CUST1017,PROD128,2023-09-12,1,392.00,392.00,Dealer,Houston West,Amex
SALE10045,CUST1021,PROD121,2025-11-28,1,3037.75,3037.75,Store,Austin Downtown,Amex
SALE10046,CUST1082,PROD136,2024-09-12,2,887.55,1775.10,Dealer,Online Warehouse,Visa
SALE10047,CUST1083,PROD111,2024-11-22,1,1862.20,1862.20,Dealer,Austin Downtown,Visa
SALE10048,CUST1006,PROD142,2024-03-07,2,386.48,772.96,dealer,Denver Central,ACH
SALE10049,CUST1004,PROD132,2024-09-10,2,2029.19,4058.38,Store,Houston West,Cash
SALE10050,CUST1039,PROD130,2023-05-03,1,932.01,932.01,Online,DENVER CENTRAL,PayPal
SALE10051,CUST1060,PROD114,2023-10-22,2,274.81,549.62,Store,Phoenix East,Amex
SALE10052,CUST1111,PROD123,01/28/2025,4,27.02,108.08,Dealer,Online Warehouse,Visa
SALE10053,CUST1031,PROD130,2025-07-09,1,1096.48,1096.48,Online,Houston West,Visa
SALE10054,CUST1038,PROD125,2023-11-24,2,2378.15,4756.30,Store,Online Warehouse,cash
SALE10055,CUST1025,PROD149,2025-11-20,1,1721.22,1721.22,Store,Denver Central,Amex
SALE10056,CUST1003,PROD106,2025-07-25,2,1332.32,2664.64,Online,Houston West,ACH
SALE10057,CUST1007,PROD104,2025-08-21,2,1100.70,2201.40,Store,Online Warehouse,Visa
SALE10058,CUST1014,PROD128,19-Jan-2025,1,490.00,490.00,Store,Dallas North,Visa
SALE10059,CUST1007,PROD137,2026-02-07,1,1293.30,1293.30,Store,Austin Downtown,PayPal
SALE10060,CUST1058,PROD149,2023-09-01,2,1449.45,2898.90,online,Austin Downtown,PayPal
SALE10061,CUST1102,PROD122,2023-10-23,2,2017.73,4035.46,Online,Online Warehouse,ACH
SALE10062,CUST1065,PROD103,2023-10-08,1,2794.55,2794.55,Dealer,Dallas North,PayPal
SALE10063,CUST1059,PROD110,2024-10-14,1,714.87,714.87,Online,Denver Central,ACH
SALE10064,CUST1108,PROD120,2025-11-09,3,300.74,902.22,Dealer,Denver Central,Cash
SALE10065,CUST1039,PROD131,11/09/2024,1,1209.03,1209.03,Dealer,Austin Downtown,PayPal
SALE10066,CUST1040,PROD151,2025-08-29,1,1310.39,1310.39,Store,Phoenix East,ACH
SALE10067,CUST1030,PROD147,2025-09-10,1,234.94,234.94,Online,Online Warehouse,Cash
SALE10068,CUST1080,PROD150,2024-05-11,4,1425.11,5700.44,Online,Online Warehouse,Cash
SALE10069,CUST1025,PROD102,2025-05-07,4,765.04,3060.16,Online,Denver Central,Cash
SALE10070,CUST1053,PROD133,2023-05-08,4,2410.14,9640.56,Dealer,Houston West,ACH
SALE10071,CUST1072,PROD121,2025-02-10,2,2733.97,5467.94,Store,Houston West,PayPal
SALE10072,CUST1069,PROD122,2024-06-25,2,2143.84,4287.68,dealer,Denver Central,mastercard
SALE10073,CUST1036,PROD136,2024-09-01,2,887.55,1775.10,Store,Phoenix East,Mastercard
SALE10074,CUST1091,PROD132,2024-12-15,2,2267.92,4535.84,Dealer,Phoenix East,Amex
SALE10075,CUST1016,PROD137,2024-12-07,2,1228.63,2457.26,Online,DALLAS NORTH,Visa
SALE10076,CUST1092,PROD106,2024-06-09,2,1406.33,2812.66,Dealer,Denver Central,Mastercard
SALE10077,CUST1106,PROD135,2024-07-10,3,345.21,1035.63,Online,Austin Downtown,ACH
SALE10078,CUST1076,PROD116,12/23/2025,1,2078.83,2078.83,Online,Phoenix East,Mastercard
SALE10079,CUST1013,PROD127,2025-08-25,2,2306.98,4613.96,Online,Phoenix East,Mastercard
SALE10080,CUST1071,PROD160,2025-09-01,2,911.25,1822.50,Store,Phoenix East,Mastercard
SALE10081,CUST1037,PROD121,2023-05-02,2,2582.09,5164.18,Online,Phoenix East,ACH
SALE10082,CUST1069,PROD148,2025-05-05,1,483.99,483.99,Online,Austin Downtown,PayPal
SALE10083,CUST1064,PROD112,2023-01-19,3,2520.68,7562.04,Store,Online Warehouse,ACH
SALE10084,CUST1119,PROD122,2026-01-17,2,2396.05,4792.10,dealer,Denver Central,Mastercard
SALE10085,CUST1065,PROD130,2023-08-19,3,1096.48,3289.44,Store,Houston West,Cash
SALE10086,CUST1083,PROD117,2024-11-21,2,986.49,1972.98,Store,Online Warehouse,Cash
SALE10087,CUST1025,PROD112,25-May-2025,4,2016.54,8066.16,Dealer,Dallas North,Visa
SALE10088,CUST1086,PROD107,2025-09-04,1,969.91,969.91,Store,Houston West,Visa
SALE10089,CUST1050,PROD116,2024-06-30,2,1663.06,3326.12,Store,Dallas North,ACH
SALE10090,CUST1074,PROD101,2025-01-06,2,2319.07,4638.14,Dealer,Houston West,visa
SALE10091,CUST1016,PROD130,04/10/2025,3,1096.48,3289.44,Dealer,Online Warehouse,Cash
SALE10092,CUST1040,PROD145,2024-08-27,1,71.71,71.71,Store,Online Warehouse,Mastercard
SALE10093,CUST1018,PROD131,2025-02-04,2,1148.58,2297.16,Store,Phoenix East,ACH
SALE10094,CUST1061,PROD149,2024-05-21,1,1449.45,1449.45,Dealer,Online Warehouse,Visa
SALE10095,CUST1058,PROD134,2026-03-01,2,1856.94,3713.88,Online,Austin Downtown,ACH
SALE10096,CUST1065,PROD113,2024-11-02,1,2787.60,2787.60,dealer,Denver Central,Visa
SALE10097,CUST1027,PROD146,2025-11-11,4,1404.32,5617.28,Store,Austin Downtown,PayPal
SALE10098,CUST1066,PROD127,2023-04-29,2,2442.69,4885.38,Dealer,Denver Central,Cash
SALE10099,CUST1040,PROD147,2024-06-05,1,247.99,247.99,Online,Phoenix East,Mastercard
SALE10100,CUST1010,PROD103,2023-05-11,2,2794.55,5589.10,Dealer,AUSTIN DOWNTOWN,Visa
SALE10101,CUST1061,PROD103,2024-01-04,2,2654.82,5309.64,Online,Phoenix East,Cash
SALE10102,CUST1054,PROD124,2025-02-12,2,415.53,831.06,Store,Austin Downtown,Cash
SALE10103,CUST1112,PROD135,2024-12-13,2,326.03,652.06,Online,Houston West,ACH
SALE10104,CUST1068,PROD109,01/08/2023,1,1455.03,1455.03,Online,Dallas North,PayPal
SALE10105,CUST1093,PROD135,2025-02-15,4,345.21,1380.84,Online,Houston West,PayPal
SALE10106,CUST1020,PROD118,2023-08-20,1,2583.09,2583.09,Online,Phoenix East,PayPal
SALE10107,CUST1099,PROD160,2024-02-27,1,959.21,959.21,Online,Austin Downtown,ACH
SALE10108,CUST1058,PROD139,2023-04-01,1,1983.96,1983.96,store,Denver Central,mastercard
SALE10109,CUST1028,PROD149,2025-10-28,1,1811.81,1811.81,Store,Houston West,Cash
SALE10110,CUST1041,PROD137,2024-09-10,2,1293.30,2586.60,Online,Phoenix East,ACH
SALE10111,CUST1053,PROD120,2026-02-14,3,334.15,1002.45,Dealer,Phoenix East,Mastercard
SALE10112,CUST1087,PROD128,2024-12-06,2,490.00,980.00,Dealer,Phoenix East,PayPal
SALE10113,CUST1068,PROD121,2023-11-02,2,2885.86,5771.72,Store,Denver Central,Mastercard
SALE10114,CUST1069,PROD131,2024-04-06,2,967.22,1934.44,Store,Phoenix East,Mastercard
SALE10115,CUST1060,PROD159,2025-04-25,1,900.73,900.73,Store,Online Warehouse,ACH
SALE10116,CUST1050,PROD116,07-Nov-2024,2,2078.83,4157.66,Dealer,Austin Downtown,PayPal
SALE10117,CUST1048,PROD106,07/03/2024,1,1480.35,1480.35,Store,Phoenix East,ACH
SALE10118,CUST1006,PROD156,2026-02-18,1,1248.05,1248.05,Online,Denver Central,Mastercard
SALE10119,CUST1117,PROD122,2024-03-09,2,2522.16,5044.32,Online,Phoenix East,Visa
SALE10120,CUST1097,PROD131,2024-02-23,2,1027.68,2055.36,store,Houston West,ACH
SALE10121,CUST1100,PROD119,2025-12-28,2,1250.79,2501.58,Dealer,Dallas North,Amex
SALE10122,CUST1047,PROD133,2023-07-21,4,2862.05,11448.20,Dealer,Denver Central,Amex
SALE10123,CUST1027,PROD124,2023-04-04,2,415.53,831.06,Dealer,Houston West,Cash
SALE10124,CUST1003,PROD117,2023-11-09,4,986.49,3945.96,Online,Dallas North,Mastercard
SALE10125,CUST1073,PROD154,2026-02-01,1,3012.75,3012.75,Dealer,PHOENIX EAST,Amex
SALE10126,CUST1098,PROD153,2025-10-01,4,2605.65,10422.60,Store,Houston West,cash
SALE10127,CUST1046,PROD111,2026-01-24,1,1582.87,1582.87,Store,Houston West,ACH
SALE10128,CUST1008,PROD134,2023-06-02,1,1485.55,1485.55,Dealer,Austin Downtown,Visa
SALE10129,CUST1018,PROD154,2023-11-06,1,3171.32,3171.32,Online,Houston West,ACH
SALE10130,CUST1048,PROD104,09/26/2025,2,984.84,1969.68,Online,Austin Downtown,ACH
SALE10131,CUST1053,PROD101,2024-07-16,1,2455.49,2455.49,Dealer,Dallas North,Visa
SALE10132,CUST1105,PROD145,2024-01-03,4,67.50,270.00,online,Austin Downtown,ACH
SALE10133,CUST1031,PROD113,2024-12-26,2,2230.08,4460.16,Store,Denver Central,Visa
SALE10134,CUST1052,PROD130,2024-04-07,2,932.01,1864.02,Store,Phoenix East,Visa
SALE10135,CUST1110,PROD142,2025-04-10,1,454.68,454.68,Store,Denver Central,ACH
SALE10136,CUST1008,PROD141,2023-12-17,1,849.48,849.48,Online,Denver Central,PayPal
SALE10137,CUST1101,PROD122,2023-03-29,1,2269.94,2269.94,Online,Houston West,Cash
SALE10138,CUST1073,PROD131,2023-06-02,3,1209.03,3627.09,Dealer,Dallas North,ACH
SALE10139,CUST1085,PROD103,2024-10-06,1,2235.64,2235.64,Online,Houston West,ACH
SALE10140,CUST1097,PROD153,2024-09-04,4,3065.47,12261.88,Online,Online Warehouse,Mastercard
SALE10141,CUST1107,PROD155,2026-01-12,4,2110.00,8440.00,Store,Denver Central,Cash
SALE10142,CUST1102,PROD145,2024-12-09,1,75.93,75.93,Online,Austin Downtown,PayPal
SALE10143,CUST1108,PROD105,03/23/2025,2,2510.11,5020.22,Store,Austin Downtown,Cash
SALE10144,CUST1101,PROD129,2024-12-29,4,1944.47,7777.88,dealer,Denver Central,paypal
SALE10145,CUST1088,PROD138,27-Aug-2024,2,1461.50,2923.00,Online,Phoenix East,Visa
SALE10146,CUST1035,PROD110,2023-11-12,2,607.64,1215.28,Dealer,Denver Central,Amex
SALE10147,CUST1014,PROD106,2025-06-29,1,1480.35,1480.35,Store,Dallas North,Visa
SALE10148,CUST1012,PROD112,2026-02-14,4,2394.65,9578.60,Dealer,Online Warehouse,PayPal
SALE10149,CUST1004,PROD106,2023-07-10,2,1332.32,2664.64,Dealer,Online Warehouse,Amex
SALE10150,CUST1050,PROD101,2025-03-05,2,2591.90,5183.80,Online,PHOENIX EAST,ACH
SALE10151,CUST1032,PROD137,2025-02-18,1,1099.30,1099.30,Online,Houston West,Amex
SALE10152,CUST1035,PROD132,2023-12-09,1,2387.28,2387.28,Store,Dallas North,PayPal
SALE10153,CUST1062,PROD151,2024-05-30,1,1455.99,1455.99,Online,Phoenix East,Cash
SALE10154,CUST1077,PROD140,2023-08-08,2,668.74,1337.48,Online,Dallas North,Visa
SALE10155,CUST1043,PROD154,2024-11-05,2,2537.06,5074.12,Store,Dallas North,PayPal
SALE10156,CUST1106,PROD156,10/18/2024,1,1248.05,1248.05,dealer,Phoenix East,Mastercard
SALE10157,CUST1041,PROD112,2024-08-19,4,2520.68,10082.72,Dealer,Phoenix East,Cash
SALE10158,CUST1074,PROD151,2025-02-09,2,1455.99,2911.98,Store,Denver Central,Amex
SALE10159,CUST1120,PROD137,2026-01-22,1,1163.97,1163.97,Online,Phoenix East,ACH
SALE10160,CUST1094,PROD130,2024-08-19,2,1041.66,2083.32,Dealer,Austin Downtown,PayPal
SALE10161,CUST1064,PROD109,2024-06-01,2,1818.79,3637.58,Dealer,Houston West,Cash
SALE10162,CUST1102,PROD125,2025-09-08,1,2259.24,2259.24,Dealer,Denver Central,ach
SALE10163,CUST1119,PROD159,2023-03-17,4,900.73,3602.92,Store,Phoenix East,ACH
SALE10164,CUST1082,PROD159,2024-05-23,1,1000.81,1000.81,Dealer,Phoenix East,Amex
SALE10165,CUST1083,PROD140,2025-03-29,1,633.55,633.55,Store,Denver Central,Visa
SALE10166,CUST1013,PROD117,2025-11-28,2,887.84,1775.68,Dealer,Online Warehouse,Cash
SALE10167,CUST1029,PROD129,2025-08-06,3,1847.25,5541.75,Dealer,Online Warehouse,Cash
SALE10168,CUST1020,PROD123,2023-08-03,1,25.67,25.67,store,Denver Central,Visa
SALE10169,CUST1107,PROD147,09/30/2024,1,261.04,261.04,Store,Denver Central,Mastercard
SALE10170,CUST1062,PROD123,2025-06-16,4,27.02,108.08,Dealer,Phoenix East,PayPal
SALE10171,CUST1009,PROD120,2023-08-24,1,267.32,267.32,Online,Dallas North,Cash
SALE10172,CUST1087,PROD152,2024-05-14,1,1514.56,1514.56,Dealer,Houston West,ACH
SALE10173,CUST1043,PROD136,2024-04-19,2,843.17,1686.34,Store,Phoenix East,Mastercard
SALE10174,CUST1082,PROD143,01-Mar-2023,2,1166.43,2332.86,Dealer,Online Warehouse,Mastercard
SALE10175,CUST1076,PROD128,2024-03-15,2,490.00,980.00,Online,DALLAS NORTH,Cash
SALE10176,CUST1102,PROD105,2026-01-04,1,2231.21,2231.21,Online,Dallas North,Amex
SALE10177,CUST1059,PROD108,2025-09-29,2,303.76,607.52,Dealer,Phoenix East,Amex
SALE10178,CUST1050,PROD140,2023-08-22,4,633.55,2534.20,Store,Dallas North,PayPal
SALE10179,CUST1023,PROD153,2023-06-23,3,2758.92,8276.76,Dealer,Houston West,Amex
SALE10180,CUST1031,PROD120,2025-02-03,1,334.15,334.15,dealer,Houston West,ach
SALE10181,CUST1054,PROD139,2025-02-24,1,1785.56,1785.56,Store,Houston West,PayPal
SALE10182,CUST1069,PROD145,12/08/2023,2,75.93,151.86,Store,Dallas North,Mastercard
SALE10183,CUST1041,PROD154,2023-04-20,2,2854.19,5708.38,Store,Austin Downtown,PayPal
SALE10184,CUST1025,PROD153,2025-11-01,4,2758.92,11035.68,Dealer,Denver Central,PayPal
SALE10185,CUST1063,PROD127,2023-12-09,2,2578.39,5156.78,Online,Online Warehouse,Visa
SALE10186,CUST1098,PROD115,2024-07-16,2,2634.93,5269.86,Online,Online Warehouse,Amex
SALE10187,CUST1100,PROD130,2025-11-12,4,986.83,3947.32,Online,Online Warehouse,Visa
SALE10188,CUST1100,PROD135,2023-03-27,3,345.21,1035.63,Dealer,Denver Central,ACH
SALE10189,CUST1055,PROD107,2023-03-08,1,969.91,969.91,Store,Dallas North,Amex
SALE10190,CUST1105,PROD106,2023-08-29,2,1184.28,2368.56,Online,Houston West,Cash
SALE10191,CUST1089,PROD123,2023-10-13,4,27.02,108.08,Online,Houston West,Visa
SALE10192,CUST1045,PROD135,2026-01-08,3,345.21,1035.63,online,Dallas North,Cash
SALE10193,CUST1038,PROD137,2025-11-19,2,1034.64,2069.28,Dealer,Austin Downtown,Mastercard
SALE10194,CUST1101,PROD127,2023-09-17,1,2714.10,2714.10,Dealer,Houston West,Mastercard
SALE10195,CUST1092,PROD121,03/15/2025,1,2430.20,2430.20,Store,Houston West,ACH
SALE10196,CUST1035,PROD141,2025-07-14,2,949.42,1898.84,Online,Phoenix East,Visa
SALE10197,CUST1066,PROD148,2025-01-25,3,411.39,1234.17,Store,Denver Central,Amex
SALE10198,CUST1001,PROD156,2025-07-27,1,1060.84,1060.84,Dealer,Phoenix East,cash
SALE10199,CUST1109,PROD105,2025-05-29,2,2789.01,5578.02,Online,Denver Central,Amex
SALE10200,CUST1107,PROD119,2023-09-25,2,1184.96,2369.92,Dealer,DENVER CENTRAL,Amex
SALE10201,CUST1088,PROD149,2023-07-23,1,1811.81,1811.81,Dealer,Denver Central,Visa
SALE10202,CUST1119,PROD155,2025-07-23,2,2358.23,4716.46,Online,Denver Central,Mastercard
SALE10203,CUST1117,PROD109,15-Jul-2024,2,1818.79,3637.58,Online,Phoenix East,Amex
SALE10204,CUST1011,PROD124,2025-03-22,1,437.40,437.40,dealer,Dallas North,Cash
SALE10205,CUST1097,PROD115,2023-07-06,2,2239.69,4479.38,Dealer,Austin Downtown,Visa
SALE10206,CUST1062,PROD105,2024-04-08,1,2510.11,2510.11,Dealer,Phoenix East,PayPal
SALE10207,CUST1002,PROD145,2023-09-04,3,67.50,202.50,Store,Phoenix East,Mastercard
SALE10208,CUST1010,PROD115,07/29/2023,2,2634.93,5269.86,Online,Dallas North,Amex
SALE10209,CUST1039,PROD109,2023-09-30,2,1455.03,2910.06,Dealer,Phoenix East,Mastercard
SALE10210,CUST1068,PROD137,2023-12-03,1,1163.97,1163.97,Store,Dallas North,Cash
SALE10211,CUST1081,PROD148,2025-06-25,2,459.79,919.58,Online,Austin Downtown,Visa
SALE10212,CUST1097,PROD108,2025-05-29,2,357.37,714.74,Store,Houston West,Mastercard
SALE10213,CUST1083,PROD106,2024-08-06,1,1332.32,1332.32,Dealer,Austin Downtown,Cash
SALE10214,CUST1039,PROD114,2025-03-13,1,259.54,259.54,Store,Phoenix East,Visa
SALE10215,CUST1115,PROD151,2025-03-01,2,1383.19,2766.38,Online,Houston West,PayPal
SALE10216,CUST1077,PROD105,2024-10-10,1,2789.01,2789.01,online,Denver Central,ach
SALE10217,CUST1047,PROD135,2025-08-22,2,306.86,613.72,Online,Austin Downtown,ACH
SALE10218,CUST1002,PROD117,2023-05-04,2,986.49,1972.98,Store,Online Warehouse,Amex
SALE10219,CUST1092,PROD133,2025-04-03,4,2862.05,11448.20,Online,Phoenix East,ACH
SALE10220,CUST1079,PROD110,2024-09-26,2,714.87,1429.74,Online,Online Warehouse,Mastercard
SALE10221,CUST1020,PROD135,05/16/2023,3,364.39,1093.17,Store,Phoenix East,PayPal
SALE10222,CUST1109,PROD116,2023-06-26,1,2078.83,2078.83,Store,Austin Downtown,PayPal
SALE10223,CUST1078,PROD104,2023-12-26,2,984.84,1969.68,Online,Austin Downtown,Cash
SALE10224,CUST1090,PROD101,2024-12-11,1,2591.90,2591.90,Dealer,Online Warehouse,Cash
SALE10225,CUST1022,PROD124,2024-07-04,1,371.79,371.79,Dealer,AUSTIN DOWNTOWN,Visa
SALE10226,CUST1104,PROD128,2023-05-11,2,441.00,882.00,Store,Phoenix East,ACH
SALE10227,CUST1010,PROD132,2025-01-07,2,2148.55,4297.10,Online,Denver Central,ACH
SALE10228,CUST1048,PROD111,2023-07-30,2,1489.76,2979.52,dealer,Phoenix East,Cash
SALE10229,CUST1030,PROD148,2023-01-26,1,483.99,483.99,Online,Austin Downtown,PayPal
SALE10230,CUST1050,PROD159,2023-03-14,2,1000.81,2001.62,Dealer,Phoenix East,Cash
SALE10231,CUST1054,PROD115,2025-05-02,2,2634.93,5269.86,Dealer,Dallas North,Amex
SALE10232,CUST1010,PROD137,25-Oct-2025,2,1293.30,2586.60,Dealer,Austin Downtown,Mastercard
SALE10233,CUST1103,PROD134,2023-05-22,1,1764.09,1764.09,Store,Dallas North,Amex
SALE10234,CUST1012,PROD136,01/25/2025,2,887.55,1775.10,Online,Dallas North,ach
SALE10235,CUST1039,PROD148,2025-01-24,2,459.79,919.58,Dealer,Denver Central,Mastercard
SALE10236,CUST1116,PROD135,2023-01-14,2,383.57,767.14,Store,Austin Downtown,Mastercard
SALE10237,CUST1045,PROD141,2023-01-03,1,999.39,999.39,Dealer,Denver Central,Cash
SALE10238,CUST1040,PROD107,2024-05-02,1,872.92,872.92,Store,Denver Central,Visa
SALE10239,CUST1092,PROD118,2024-04-19,1,3038.93,3038.93,Dealer,Denver Central,Cash
SALE10240,CUST1048,PROD130,2023-07-15,1,986.83,986.83,dealer,Houston West,Cash
SALE10241,CUST1051,PROD105,2023-09-25,1,2649.56,2649.56,Online,Dallas North,Amex
SALE10242,CUST1041,PROD160,2024-10-30,4,815.33,3261.32,Store,Denver Central,Amex
SALE10243,CUST1010,PROD113,2023-08-12,1,2230.08,2230.08,Online,Austin Downtown,Mastercard
SALE10244,CUST1060,PROD121,2026-01-02,2,3037.75,6075.50,Store,Houston West,PayPal
SALE10245,CUST1060,PROD117,2023-11-19,1,986.49,986.49,Dealer,Dallas North,Cash
SALE10246,CUST1078,PROD103,2024-11-02,1,2235.64,2235.64,Online,Austin Downtown,Cash
SALE10247,CUST1046,PROD126,09/04/2024,1,310.26,310.26,Store,Houston West,Visa
SALE10248,CUST1110,PROD129,2025-08-04,2,1944.47,3888.94,Online,Houston West,Visa
SALE10249,CUST1008,PROD154,2024-02-10,1,3171.32,3171.32,Store,Dallas North,Cash
SALE10250,CUST1083,PROD106,2023-06-03,2,1184.28,2368.56,Online,AUSTIN DOWNTOWN,Mastercard
SALE10251,CUST1083,PROD129,2024-11-10,2,1944.47,3888.94,Online,Austin Downtown,PayPal
SALE10252,CUST1022,PROD160,2025-03-19,4,767.37,3069.48,store,Austin Downtown,paypal
SALE10253,CUST1055,PROD112,2024-01-19,3,2520.68,7562.04,Store,Dallas North,PayPal
SALE10254,CUST1020,PROD103,2024-08-27,1,2375.37,2375.37,Store,Denver Central,ACH
SALE10255,CUST1008,PROD106,2023-10-09,2,1406.33,2812.66,Store,Houston West,Cash
SALE10256,CUST1103,PROD134,2026-01-18,1,1578.40,1578.40,Online,Denver Central,Cash
SALE10257,CUST1062,PROD135,2026-03-04,4,383.57,1534.28,Dealer,Dallas North,PayPal
SALE10258,CUST1024,PROD102,2024-03-24,3,688.54,2065.62,Online,Dallas North,Visa
SALE10259,CUST1061,PROD134,2024-04-21,2,1485.55,2971.10,Online,Austin Downtown,Mastercard
SALE10260,CUST1031,PROD118,03/25/2024,1,2431.14,2431.14,Dealer,Denver Central,Amex
SALE10261,CUST1108,PROD155,29-Apr-2024,2,2482.35,4964.70,Dealer,Dallas North,Cash
SALE10262,CUST1046,PROD159,2024-12-21,1,850.69,850.69,Dealer,Online Warehouse,Mastercard
SALE10263,CUST1025,PROD154,2024-09-24,2,2854.19,5708.38,Online,Denver Central,Visa
SALE10264,CUST1008,PROD115,2025-12-14,1,2634.93,2634.93,store,Austin Downtown,Amex
SALE10265,CUST1079,PROD113,2023-12-30,1,2787.60,2787.60,Store,Austin Downtown,Visa
SALE10266,CUST1076,PROD146,2023-08-16,2,1123.46,2246.92,Dealer,Dallas North,Visa
SALE10267,CUST1091,PROD143,2023-07-26,2,1105.04,2210.08,Store,Dallas North,Amex
SALE10268,CUST1021,PROD147,2025-09-24,2,208.83,417.66,Dealer,Dallas North,Mastercard
SALE10269,CUST1072,PROD145,2023-12-26,3,84.37,253.11,Store,Dallas North,Cash
SALE10270,CUST1038,PROD109,2023-01-04,1,1545.97,1545.97,Dealer,Online Warehouse,paypal
SALE10271,CUST1099,PROD137,2024-10-13,1,1293.30,1293.30,Dealer,Houston West,Cash
SALE10272,CUST1014,PROD160,2024-11-09,4,959.21,3836.84,Dealer,Austin Downtown,Mastercard
SALE10273,CUST1041,PROD111,11/18/2024,1,1489.76,1489.76,Store,Austin Downtown,Amex
SALE10274,CUST1032,PROD145,2024-06-09,1,84.37,84.37,Online,Phoenix East,Visa
SALE10275,CUST1050,PROD129,2025-04-27,4,1944.47,7777.88,Store,DENVER CENTRAL,Amex
SALE10276,CUST1049,PROD107,2024-04-06,2,775.93,1551.86,online,Denver Central,Visa
SALE10277,CUST1109,PROD103,2024-10-14,2,2794.55,5589.10,Store,Austin Downtown,Visa
SALE10278,CUST1022,PROD157,2023-06-03,4,3097.21,12388.84,Dealer,Austin Downtown,Amex
SALE10279,CUST1079,PROD158,2023-03-05,2,903.73,1807.46,Store,Phoenix East,Mastercard
SALE10280,CUST1114,PROD128,2023-07-27,1,490.00,490.00,Store,Houston West,Mastercard
SALE10281,CUST1090,PROD136,2024-07-30,2,754.42,1508.84,Store,Houston West,Visa
SALE10282,CUST1051,PROD137,2023-04-22,2,1293.30,2586.60,Store,Austin Downtown,PayPal
SALE10283,CUST1038,PROD153,2023-07-18,4,3065.47,12261.88,Online,Houston West,Mastercard
SALE10284,CUST1038,PROD106,2023-08-25,2,1184.28,2368.56,Store,Denver Central,PayPal
SALE10285,CUST1115,PROD143,2026-01-19,2,1227.82,2455.64,Store,Houston West,Amex
SALE10286,CUST1049,PROD124,04/02/2023,1,415.53,415.53,Store,Denver Central,PayPal
SALE10287,CUST1029,PROD154,2023-05-07,2,2854.19,5708.38,Online,Phoenix East,Cash
SALE10288,CUST1011,PROD143,2026-01-13,2,982.26,1964.52,store,Online Warehouse,mastercard
SALE10289,CUST1008,PROD154,2025-12-06,2,2537.06,5074.12,Store,Online Warehouse,Cash
SALE10290,CUST1120,PROD131,04-Sep-2024,2,1148.58,2297.16,Online,Denver Central,Cash
SALE10291,CUST1065,PROD137,2025-07-08,1,1293.30,1293.30,Online,Houston West,Mastercard
SALE10292,CUST1025,PROD109,2023-06-10,1,1727.85,1727.85,Dealer,Denver Central,Mastercard
SALE10293,CUST1081,PROD110,2023-05-18,2,714.87,1429.74,Online,Denver Central,ACH
SALE10294,CUST1071,PROD121,2025-07-27,2,2733.97,5467.94,Online,Phoenix East,ACH
SALE10295,CUST1067,PROD151,2025-04-28,4,1455.99,5823.96,Online,Houston West,ACH
SALE10296,CUST1075,PROD149,2026-02-26,1,1811.81,1811.81,Online,Dallas North,ACH
SALE10297,CUST1045,PROD157,2025-02-23,4,3097.21,12388.84,Dealer,Denver Central,ACH
SALE10298,CUST1061,PROD103,2025-04-05,1,2794.55,2794.55,Online,Online Warehouse,ACH
SALE10299,CUST1089,PROD126,11/09/2024,1,346.76,346.76,Dealer,Houston West,Visa
SALE10300,CUST1061,PROD159,2023-02-11,3,1000.81,3002.43,store,DALLAS NORTH,Amex
SALE10301,CUST1108,PROD132,2024-04-11,1,1909.82,1909.82,Online,Dallas North,Cash
SALE10302,CUST1100,PROD153,2025-05-03,3,3065.47,9196.41,Dealer,Phoenix East,Visa
SALE10303,CUST1057,PROD114,2025-09-19,2,259.54,519.08,Dealer,Dallas North,Visa
SALE10304,CUST1102,PROD111,2025-11-03,1,1862.20,1862.20,Store,Houston West,ACH
SALE10305,CUST1073,PROD102,2024-02-16,2,765.04,1530.08,Online,Houston West,Visa
SALE10306,CUST1007,PROD159,2024-02-12,3,850.69,2552.07,Store,Dallas North,paypal
SALE10307,CUST1051,PROD141,2023-03-04,1,849.48,849.48,Online,Dallas North,PayPal
SALE10308,CUST1058,PROD112,2026-02-03,4,2268.61,9074.44,Store,Dallas North,Mastercard
SALE10309,CUST1115,PROD117,2023-02-26,1,986.49,986.49,Store,Austin Downtown,Mastercard
SALE10310,CUST1074,PROD150,2024-03-29,2,1140.09,2280.18,Dealer,Houston West,Cash
SALE10311,CUST1035,PROD142,2023-02-11,2,409.21,818.42,Dealer,Austin Downtown,PayPal
SALE10312,CUST1017,PROD142,01/18/2023,1,409.21,409.21,online,Dallas North,ACH
SALE10313,CUST1040,PROD146,2025-02-10,3,1334.10,4002.30,Store,Denver Central,Amex
SALE10314,CUST1060,PROD120,2023-07-29,4,300.74,1202.96,Online,Online Warehouse,Cash
SALE10315,CUST1108,PROD124,2023-08-10,2,437.40,874.80,Store,Austin Downtown,Amex
SALE10316,CUST1082,PROD121,2024-09-03,2,3037.75,6075.50,Online,Houston West,ACH
SALE10317,CUST1031,PROD158,2025-04-07,1,850.57,850.57,Dealer,Dallas North,Cash
SALE10318,CUST1093,PROD102,2024-06-15,4,765.04,3060.16,Store,Denver Central,PayPal
SALE10319,CUST1005,PROD138,31-Mar-2024,1,1461.50,1461.50,Dealer,Online Warehouse,Cash
SALE10320,CUST1061,PROD159,2024-09-06,3,900.73,2702.19,Online,Phoenix East,ACH
SALE10321,CUST1038,PROD107,2024-06-13,2,969.91,1939.82,Dealer,Online Warehouse,Mastercard
SALE10322,CUST1116,PROD122,2024-12-28,1,2522.16,2522.16,Online,Phoenix East,Amex
SALE10323,CUST1101,PROD157,2024-06-17,3,3097.21,9291.63,Dealer,Dallas North,PayPal
SALE10324,CUST1016,PROD131,2023-05-26,1,967.22,967.22,store,Houston West,ach
SALE10325,CUST1112,PROD144,09/03/2024,2,1332.85,2665.70,Store,AUSTIN DOWNTOWN,Mastercard
SALE10326,CUST1026,PROD122,2025-07-26,2,2269.94,4539.88,Online,Dallas North,Cash
SALE10327,CUST1100,PROD106,2023-12-29,2,1480.35,2960.70,Store,Phoenix East,Visa
SALE10328,CUST1058,PROD118,2023-12-12,1,2431.14,2431.14,Dealer,Houston West,PayPal
SALE10329,CUST1098,PROD150,2025-06-07,1,1425.11,1425.11,Dealer,Denver Central,PayPal
SALE10330,CUST1062,PROD125,2025-12-29,1,2378.15,2378.15,Online,Phoenix East,Amex
SALE10331,CUST1115,PROD121,2023-01-09,1,3037.75,3037.75,Dealer,Phoenix East,Mastercard
SALE10332,CUST1089,PROD157,2023-09-22,3,3097.21,9291.63,Online,Denver Central,ACH
SALE10333,CUST1040,PROD111,2023-04-04,1,1489.76,1489.76,Store,Dallas North,PayPal
SALE10334,CUST1067,PROD139,2023-10-02,2,1884.76,3769.52,Store,Denver Central,Amex
SALE10335,CUST1025,PROD111,2024-04-12,2,1862.20,3724.40,Online,Phoenix East,Mastercard
SALE10336,CUST1094,PROD102,2025-01-20,2,765.04,1530.08,dealer,Phoenix East,Visa
SALE10337,CUST1113,PROD141,2025-12-31,2,799.51,1599.02,Dealer,Austin Downtown,ACH
SALE10338,CUST1085,PROD107,08/26/2023,1,969.91,969.91,Store,Denver Central,PayPal
SALE10339,CUST1071,PROD117,2023-11-10,4,838.52,3354.08,Online,Phoenix East,Cash
SALE10340,CUST1002,PROD120,2023-07-26,4,284.03,1136.12,Dealer,Online Warehouse,Amex
SALE10341,CUST1078,PROD145,2023-08-03,2,80.15,160.30,Dealer,Phoenix East,ACH
SALE10342,CUST1037,PROD108,2024-02-11,1,339.50,339.50,Dealer,Houston West,amex
SALE10343,CUST1067,PROD113,2025-04-19,2,2369.46,4738.92,Store,Houston West,Visa
SALE10344,CUST1064,PROD159,2025-09-11,2,850.69,1701.38,Store,Houston West,Visa
SALE10345,CUST1086,PROD106,2025-10-08,1,1184.28,1184.28,Online,Austin Downtown,ACH
SALE10346,CUST1093,PROD147,2024-04-18,1,261.04,261.04,Store,Dallas North,Amex
SALE10347,CUST1007,PROD107,2023-03-22,1,775.93,775.93,Store,Dallas North,Cash
SALE10348,CUST1055,PROD148,04-Apr-2023,1,483.99,483.99,online,Houston West,Cash
SALE10349,CUST1022,PROD122,2024-07-03,2,2396.05,4792.10,Dealer,Austin Downtown,Amex
SALE10350,CUST1044,PROD112,2025-03-30,1,2394.65,2394.65,Store,DALLAS NORTH,PayPal
SALE10351,CUST1109,PROD131,12/08/2023,4,1027.68,4110.72,Online,Houston West,Cash
SALE10352,CUST1008,PROD155,2025-05-02,2,2482.35,4964.70,Dealer,Denver Central,ACH
SALE10353,CUST1057,PROD112,2025-01-04,4,2016.54,8066.16,Dealer,Austin Downtown,Cash
SALE10354,CUST1108,PROD147,2025-09-26,1,247.99,247.99,Online,Denver Central,PayPal
SALE10355,CUST1009,PROD117,2025-12-10,3,986.49,2959.47,Dealer,Online Warehouse,Cash
SALE10356,CUST1029,PROD143,2025-12-07,2,1105.04,2210.08,Dealer,Phoenix East,ACH
SALE10357,CUST1056,PROD143,2024-12-09,1,1166.43,1166.43,Dealer,Phoenix East,Cash
SALE10358,CUST1020,PROD154,2023-11-18,1,3171.32,3171.32,Dealer,Denver Central,PayPal
SALE10359,CUST1022,PROD105,2024-05-08,2,2789.01,5578.02,Store,Dallas North,Visa
SALE10360,CUST1029,PROD136,2024-04-26,2,843.17,1686.34,online,Denver Central,paypal
SALE10361,CUST1074,PROD129,2025-10-17,1,1555.58,1555.58,Store,Dallas North,Visa
SALE10362,CUST1096,PROD142,2025-04-06,1,454.68,454.68,Store,Austin Downtown,ACH
SALE10363,CUST1001,PROD153,2024-09-15,1,2452.38,2452.38,Dealer,Online Warehouse,Mastercard
SALE10364,CUST1086,PROD130,04/22/2023,3,1096.48,3289.44,Online,Denver Central,Amex
SALE10365,CUST1099,PROD140,2025-01-14,4,598.35,2393.40,Dealer,Denver Central,Visa
SALE10366,CUST1098,PROD143,2024-11-30,1,1227.82,1227.82,Store,Phoenix East,Amex
SALE10367,CUST1067,PROD124,2023-12-03,1,437.40,437.40,Store,Houston West,Cash
SALE10368,CUST1093,PROD127,2024-02-06,1,2714.10,2714.10,Online,Austin Downtown,PayPal
SALE10369,CUST1059,PROD153,2024-11-23,2,2605.65,5211.30,Online,Denver Central,Visa
SALE10370,CUST1082,PROD154,2025-07-11,1,2537.06,2537.06,Store,Phoenix East,ACH
SALE10371,CUST1018,PROD132,2023-04-10,1,2148.55,2148.55,Dealer,Denver Central,ACH
SALE10372,CUST1119,PROD133,2023-12-22,2,2560.78,5121.56,dealer,Houston West,Visa
SALE10373,CUST1085,PROD139,2025-02-26,2,1785.56,3571.12,Store,Online Warehouse,Cash
SALE10374,CUST1032,PROD118,2024-08-25,2,3038.93,6077.86,Store,Houston West,Mastercard
SALE10375,CUST1078,PROD145,2026-01-26,3,67.50,202.50,Store,PHOENIX EAST,Cash
SALE10376,CUST1071,PROD141,2024-03-05,1,999.39,999.39,Dealer,Phoenix East,Amex
SALE10377,CUST1045,PROD159,12/31/2023,2,850.69,1701.38,Dealer,Online Warehouse,Cash
SALE10378,CUST1042,PROD146,2024-12-22,1,1123.46,1123.46,Dealer,Denver Central,ach
SALE10379,CUST1086,PROD146,2025-12-29,4,1193.67,4774.68,Store,Denver Central,Visa
SALE10380,CUST1014,PROD102,2023-04-19,4,765.04,3060.16,Dealer,Austin Downtown,Mastercard
SALE10381,CUST1097,PROD151,2024-05-28,2,1455.99,2911.98,Online,Austin Downtown,Cash
SALE10382,CUST1038,PROD114,2025-07-15,1,305.34,305.34,Online,Online Warehouse,Cash
SALE10383,CUST1072,PROD156,2026-02-23,1,1060.84,1060.84,Store,Houston West,ACH
SALE10384,CUST1102,PROD152,2023-04-07,2,1514.56,3029.12,store,Denver Central,PayPal
SALE10385,CUST1088,PROD121,2024-05-29,1,3037.75,3037.75,Online,Online Warehouse,PayPal
SALE10386,CUST1029,PROD159,2026-01-24,3,800.65,2401.95,Dealer,Online Warehouse,Mastercard
SALE10387,CUST1093,PROD113,2023-12-30,2,2648.22,5296.44,Dealer,Austin Downtown,Mastercard
SALE10388,CUST1095,PROD133,2023-03-25,1,2862.05,2862.05,Store,Dallas North,ACH
SALE10389,CUST1017,PROD111,2024-11-07,2,1862.20,3724.40,Store,Phoenix East,Mastercard
SALE10390,CUST1020,PROD160,04/15/2023,3,863.29,2589.87,Dealer,Online Warehouse,Cash
SALE10391,CUST1063,PROD151,2024-10-12,3,1455.99,4367.97,Dealer,Houston West,Mastercard
SALE10392,CUST1009,PROD151,2026-01-17,2,1383.19,2766.38,Dealer,Denver Central,Visa
SALE10393,CUST1029,PROD157,2024-11-10,2,2632.63,5265.26,Store,Dallas North,Amex
SALE10394,CUST1097,PROD140,2023-01-19,4,633.55,2534.20,Online,Phoenix East,Amex
SALE10395,CUST1031,PROD158,2024-10-19,1,1063.21,1063.21,Store,Austin Downtown,PayPal
SALE10396,CUST1070,PROD147,2025-11-24,2,261.04,522.08,store,Online Warehouse,ach
SALE10397,CUST1063,PROD103,2024-01-30,2,2375.37,4750.74,Store,Online Warehouse,Visa
SALE10398,CUST1022,PROD150,2023-05-15,1,1211.34,1211.34,Online,Phoenix East,Cash
SALE10399,CUST1028,PROD156,2023-08-01,2,998.44,1996.88,Online,Online Warehouse,Cash
SALE10400,CUST1095,PROD150,2023-05-28,4,1211.34,4845.36,Dealer,PHOENIX EAST,Mastercard
SALE10401,CUST1059,PROD146,2023-06-29,3,1404.32,4212.96,Online,Austin Downtown,Mastercard
SALE10402,CUST1033,PROD136,2024-04-11,1,798.79,798.79,Store,Denver Central,PayPal
SALE10403,CUST1081,PROD126,02/04/2023,2,365.01,730.02,Store,Phoenix East,Visa
SALE10404,CUST1001,PROD142,2023-04-04,1,363.74,363.74,Dealer,Austin Downtown,Amex
SALE10405,CUST1065,PROD107,2024-09-09,2,775.93,1551.86,Dealer,Austin Downtown,Amex
SALE10406,CUST1119,PROD129,05-Mar-2023,4,1847.25,7389.00,Store,Houston West,ACH
SALE10407,CUST1018,PROD148,2026-01-22,4,387.19,1548.76,Store,Phoenix East,Mastercard
SALE10408,CUST1087,PROD157,2026-02-07,3,3097.21,9291.63,dealer,Houston West,Visa
SALE10409,CUST1001,PROD137,2026-01-26,2,1163.97,2327.94,Online,Dallas North,Mastercard
SALE10410,CUST1095,PROD158,2025-04-25,2,1063.21,2126.42,Dealer,Online Warehouse,Mastercard
SALE10411,CUST1024,PROD115,2023-08-23,2,2634.93,5269.86,Online,Phoenix East,ACH
SALE10412,CUST1007,PROD155,2026-01-30,4,2110.00,8440.00,Online,Dallas North,Cash
SALE10413,CUST1033,PROD107,2025-09-24,1,824.42,824.42,Store,Dallas North,Mastercard
SALE10414,CUST1084,PROD116,2023-05-23,1,2078.83,2078.83,Online,Dallas North,paypal
SALE10415,CUST1043,PROD140,2023-11-09,3,598.35,1795.05,Dealer,Online Warehouse,Amex
SALE10416,CUST1041,PROD128,10/03/2024,1,490.00,490.00,Online,Houston West,Cash
SALE10417,CUST1083,PROD128,2025-01-06,2,392.00,784.00,Online,Phoenix East,Cash
SALE10418,CUST1113,PROD131,2025-01-04,4,1148.58,4594.32,Store,Denver Central,ACH
SALE10419,CUST1023,PROD142,2024-07-28,1,363.74,363.74,Online,Online Warehouse,Mastercard
SALE10420,CUST1094,PROD157,2023-06-04,1,2632.63,2632.63,online,Online Warehouse,Cash
SALE10421,CUST1105,PROD138,2024-03-11,2,1169.20,2338.40,Online,Online Warehouse,Amex
SALE10422,CUST1115,PROD135,2023-11-01,4,326.03,1304.12,Store,Denver Central,Mastercard
SALE10423,CUST1099,PROD138,2025-08-09,2,1461.50,2923.00,Dealer,Online Warehouse,Visa
SALE10424,CUST1047,PROD133,2024-05-04,1,2560.78,2560.78,Dealer,Phoenix East,Mastercard
SALE10425,CUST1066,PROD109,2024-01-02,2,1818.79,3637.58,Dealer,ONLINE WAREHOUSE,Cash
SALE10426,CUST1019,PROD148,2023-03-24,4,483.99,1935.96,Online,Denver Central,Mastercard
SALE10427,CUST1034,PROD124,2024-02-28,1,437.40,437.40,Dealer,Dallas North,PayPal
SALE10428,CUST1118,PROD130,2024-10-25,1,1096.48,1096.48,Online,Phoenix East,ACH
SALE10429,CUST1107,PROD118,01/19/2026,2,2735.04,5470.08,Dealer,Houston West,PayPal
SALE10430,CUST1049,PROD124,2024-05-30,1,393.66,393.66,Store,Houston West,ACH
SALE10431,CUST1046,PROD153,2025-09-14,3,2912.20,8736.60,Dealer,Austin Downtown,ACH
SALE10432,CUST1018,PROD129,2023-06-07,2,1944.47,3888.94,dealer,Phoenix East,amex
SALE10433,CUST1020,PROD112,2023-08-31,2,2520.68,5041.36,Dealer,Houston West,PayPal
SALE10434,CUST1043,PROD147,2025-09-07,1,247.99,247.99,Store,Houston West,ACH
SALE10435,CUST1083,PROD154,14-May-2024,2,3171.32,6342.64,Online,Houston West,ACH
SALE10436,CUST1021,PROD109,2023-10-28,1,1636.91,1636.91,Online,Houston West,Amex
SALE10437,CUST1024,PROD134,2026-02-28,2,1671.25,3342.50,Dealer,Austin Downtown,Cash
SALE10438,CUST1085,PROD153,2024-03-19,3,3065.47,9196.41,Store,Online Warehouse,PayPal
SALE10439,CUST1062,PROD111,2025-04-21,1,1489.76,1489.76,Dealer,Houston West,ACH
SALE10440,CUST1099,PROD112,2024-12-02,3,2520.68,7562.04,Store,Online Warehouse,ACH
SALE10441,CUST1030,PROD125,2023-08-11,2,2378.15,4756.30,Online,Houston West,ACH
SALE10442,CUST1117,PROD133,11/03/2023,4,2410.14,9640.56,Dealer,Austin Downtown,Mastercard
SALE10443,CUST1116,PROD140,2025-12-24,1,563.15,563.15,Dealer,Austin Downtown,Visa
SALE10444,CUST1085,PROD109,2025-06-02,1,1455.03,1455.03,dealer,Denver Central,Amex
SALE10445,CUST1006,PROD145,2025-09-14,4,84.37,337.48,Store,Dallas North,ACH
SALE10446,CUST1095,PROD159,2023-10-02,1,950.77,950.77,Store,Denver Central,Mastercard
SALE10447,CUST1110,PROD106,2026-01-18,2,1332.32,2664.64,Store,Dallas North,Mastercard
SALE10448,CUST1091,PROD148,2025-12-06,1,435.59,435.59,Online,Online Warehouse,Visa
SALE10449,CUST1084,PROD114,2025-01-11,2,290.07,580.14,Online,Houston West,PayPal
SALE10450,CUST1075,PROD117,2026-01-02,3,789.19,2367.57,Store,ONLINE WAREHOUSE,amex
SALE10451,CUST1036,PROD144,2024-02-22,2,1184.75,2369.50,Store,Online Warehouse,ACH
SALE10452,CUST1023,PROD124,2024-09-20,2,437.40,874.80,Dealer,Dallas North,Cash
SALE10453,CUST1095,PROD109,2024-04-15,1,1545.97,1545.97,Store,Phoenix East,Mastercard
SALE10454,CUST1028,PROD133,2024-11-24,4,2410.14,9640.56,Dealer,Online Warehouse,Cash
SALE10455,CUST1091,PROD104,01/11/2023,1,1100.70,1100.70,Online,Houston West,PayPal
SALE10456,CUST1077,PROD128,2024-06-22,1,490.00,490.00,online,Dallas North,Visa
SALE10457,CUST1005,PROD147,2025-12-03,2,247.99,495.98,Store,Phoenix East,ACH
SALE10458,CUST1100,PROD153,2025-10-09,2,2605.65,5211.30,Store,Austin Downtown,Mastercard
SALE10459,CUST1085,PROD160,2023-03-10,3,959.21,2877.63,Dealer,Online Warehouse,ACH
SALE10460,CUST1030,PROD140,2023-03-15,2,598.35,1196.70,Store,Houston West,Cash
SALE10461,CUST1021,PROD106,2025-03-29,2,1184.28,2368.56,Store,Phoenix East,PayPal
SALE10462,CUST1076,PROD113,2023-05-21,1,2369.46,2369.46,Online,Online Warehouse,Amex
SALE10463,CUST1107,PROD136,2024-07-20,2,887.55,1775.10,Online,Online Warehouse,Mastercard
SALE10464,CUST1120,PROD126,25-Dec-2023,1,365.01,365.01,Store,Online Warehouse,Visa
SALE10465,CUST1010,PROD133,2023-08-28,3,3012.68,9038.04,Dealer,Dallas North,ACH
SALE10466,CUST1102,PROD137,2025-06-25,2,1099.30,2198.60,Store,Online Warehouse,PayPal
SALE10467,CUST1032,PROD149,2025-07-28,2,1449.45,2898.90,Dealer,Denver Central,ACH
SALE10468,CUST1004,PROD131,05/19/2023,1,1209.03,1209.03,store,Phoenix East,mastercard
SALE10469,CUST1090,PROD115,2024-12-24,2,2503.18,5006.36,Dealer,Online Warehouse,Visa
SALE10470,CUST1107,PROD117,2023-07-10,2,986.49,1972.98,Store,Phoenix East,Cash
SALE10471,CUST1044,PROD105,2024-10-04,1,2649.56,2649.56,Store,Houston West,ACH
SALE10472,CUST1024,PROD148,2024-02-13,2,459.79,919.58,Online,Phoenix East,Mastercard
SALE10473,CUST1034,PROD114,2024-05-26,1,305.34,305.34,Dealer,Dallas North,Mastercard
SALE10474,CUST1014,PROD108,2025-10-05,1,303.76,303.76,Dealer,Austin Downtown,ACH
SALE10475,CUST1109,PROD131,2024-10-07,3,1088.13,3264.39,Store,ONLINE WAREHOUSE,Amex
SALE10476,CUST1024,PROD149,2024-03-30,2,1721.22,3442.44,Dealer,Houston West,Visa
SALE10477,CUST1103,PROD128,2023-03-08,2,441.00,882.00,Dealer,Dallas North,PayPal
SALE10478,CUST1088,PROD150,2023-09-04,2,1353.85,2707.70,Dealer,Online Warehouse,PayPal
SALE10479,CUST1089,PROD101,2024-03-07,1,2319.07,2319.07,Store,Online Warehouse,Visa
SALE10480,CUST1047,PROD140,2026-01-28,3,703.94,2111.82,store,Houston West,Amex
SALE10481,CUST1079,PROD122,10/18/2025,2,2522.16,5044.32,Store,Houston West,PayPal
SALE10482,CUST1097,PROD124,2025-03-31,2,349.92,699.84,Store,Denver Central,Mastercard
SALE10483,CUST1017,PROD137,2023-07-24,1,1034.64,1034.64,Dealer,Dallas North,Mastercard
SALE10484,CUST1056,PROD155,2023-10-26,4,2482.35,9929.40,Dealer,Houston West,PayPal
SALE10485,CUST1002,PROD112,2023-10-03,4,2394.65,9578.60,Dealer,Online Warehouse,ACH
SALE10486,CUST1041,PROD151,2024-05-28,4,1455.99,5823.96,Dealer,Online Warehouse,visa
SALE10487,CUST1013,PROD145,2024-03-17,2,84.37,168.74,Store,Denver Central,Cash
SALE10488,CUST1058,PROD148,2025-01-09,3,483.99,1451.97,Store,Online Warehouse,ACH
SALE10489,CUST1104,PROD117,2025-04-23,3,986.49,2959.47,Online,Dallas North,Cash
SALE10490,CUST1026,PROD137,2024-08-05,1,1034.64,1034.64,Store,Dallas North,Cash
SALE10491,CUST1063,PROD150,2025-02-19,4,1425.11,5700.44,Dealer,Dallas North,PayPal
SALE10492,CUST1019,PROD156,2024-11-21,1,1060.84,1060.84,store,Phoenix East,ACH
SALE10493,CUST1052,PROD155,28-Nov-2023,1,2482.35,2482.35,Store,Houston West,Amex
SALE10494,CUST1084,PROD119,03/20/2025,2,1184.96,2369.92,Store,Denver Central,Amex
SALE10495,CUST1076,PROD134,2023-12-09,2,1764.09,3528.18,Online,Austin Downtown,Mastercard
SALE10496,CUST1031,PROD143,2023-06-13,2,1043.65,2087.30,Online,Houston West,PayPal
SALE10497,CUST1013,PROD105,2023-04-21,2,2510.11,5020.22,Online,Denver Central,ACH
SALE10498,CUST1011,PROD107,2023-11-15,2,872.92,1745.84,Online,Phoenix East,PayPal
SALE10499,CUST1030,PROD116,2023-09-16,2,1974.89,3949.78,Online,Online Warehouse,Mastercard
SALE10500,CUST1005,PROD143,2024-10-28,2,982.26,1964.52,Store,DENVER CENTRAL,ACH
SALE10501,CUST1035,PROD136,2026-01-09,2,887.55,1775.10,Online,Online Warehouse,ACH
SALE10502,CUST1081,PROD148,2025-12-29,4,435.59,1742.36,Store,Dallas North,PayPal
SALE10503,CUST1030,PROD152,2024-09-22,1,1692.74,1692.74,Store,Denver Central,Amex
SALE10504,CUST1039,PROD101,2023-10-07,1,2455.49,2455.49,store,Dallas North,paypal
SALE10505,CUST1002,PROD145,2025-09-04,4,67.50,270.00,Store,Austin Downtown,PayPal
SALE10506,CUST1038,PROD139,2023-01-15,1,1587.17,1587.17,Dealer,Dallas North,Mastercard
SALE10507,CUST1113,PROD136,05/26/2024,2,843.17,1686.34,Online,Phoenix East,Cash
SALE10508,CUST1050,PROD154,2024-06-22,2,3171.32,6342.64,Online,Denver Central,Cash
SALE10509,CUST1067,PROD149,2025-12-25,2,1811.81,3623.62,Store,Denver Central,Mastercard
SALE10510,CUST1009,PROD112,2023-08-15,2,2520.68,5041.36,Dealer,Denver Central,ACH
SALE10511,CUST1035,PROD145,2024-10-18,4,84.37,337.48,Online,Houston West,Visa
SALE10512,CUST1003,PROD112,2024-07-05,1,2520.68,2520.68,Online,Phoenix East,PayPal
SALE10513,CUST1002,PROD115,2023-01-31,1,2634.93,2634.93,Store,Houston West,Amex
SALE10514,CUST1040,PROD151,2025-08-07,4,1455.99,5823.96,Dealer,Austin Downtown,Amex
SALE10515,CUST1108,PROD149,2024-06-29,1,1811.81,1811.81,Store,Austin Downtown,ACH
SALE10516,CUST1024,PROD113,2025-02-20,2,2230.08,4460.16,online,Austin Downtown,Cash
SALE10517,CUST1050,PROD150,2023-03-10,4,1425.11,5700.44,Online,Denver Central,Cash
SALE10518,CUST1013,PROD134,2025-03-07,1,1764.09,1764.09,Dealer,Dallas North,Amex
SALE10519,CUST1081,PROD147,2026-01-30,1,221.88,221.88,Dealer,Austin Downtown,Amex
SALE10520,CUST1082,PROD120,04/17/2023,2,334.15,668.30,Dealer,Houston West,Visa
SALE10521,CUST1082,PROD128,2023-12-09,2,490.00,980.00,Store,Online Warehouse,Visa
SALE10522,CUST1102,PROD116,31-Aug-2025,1,2078.83,2078.83,Dealer,Online Warehouse,mastercard
SALE10523,CUST1099,PROD106,2025-10-20,1,1480.35,1480.35,Online,Phoenix East,ACH
SALE10524,CUST1120,PROD149,2024-12-29,1,1811.81,1811.81,Dealer,Houston West,Cash
SALE10525,CUST1102,PROD107,2024-04-21,1,921.41,921.41,Store,ONLINE WAREHOUSE,Cash
SALE10526,CUST1045,PROD152,2024-01-31,2,1514.56,3029.12,Online,Phoenix East,PayPal
SALE10527,CUST1093,PROD109,2025-09-20,2,1818.79,3637.58,Dealer,Denver Central,ACH
SALE10528,CUST1070,PROD145,2026-03-06,4,84.37,337.48,online,Online Warehouse,Amex
SALE10529,CUST1094,PROD130,2026-02-09,3,877.18,2631.54,Online,Austin Downtown,ACH
SALE10530,CUST1058,PROD119,2025-01-21,2,1184.96,2369.92,Store,Austin Downtown,Cash
SALE10531,CUST1049,PROD147,2025-01-15,1,261.04,261.04,Dealer,Houston West,Amex
SALE10532,CUST1009,PROD143,2025-12-09,2,1227.82,2455.64,Dealer,Denver Central,ACH
SALE10533,CUST1079,PROD119,10/21/2024,2,1250.79,2501.58,Online,Austin Downtown,ACH
SALE10534,CUST1009,PROD103,2023-03-06,1,2794.55,2794.55,Online,Austin Downtown,PayPal
SALE10535,CUST1013,PROD103,2025-09-30,2,2375.37,4750.74,Dealer,Online Warehouse,Cash
SALE10536,CUST1033,PROD104,2023-05-26,2,1158.63,2317.26,Online,Houston West,Cash
SALE10537,CUST1119,PROD157,2023-05-05,1,2942.35,2942.35,Store,Online Warehouse,Cash
SALE10538,CUST1054,PROD153,2023-04-30,3,2452.38,7357.14,Dealer,Dallas North,ACH
SALE10539,CUST1094,PROD105,2024-03-18,2,2789.01,5578.02,Dealer,Austin Downtown,Visa
SALE10540,CUST1030,PROD135,2024-01-31,4,383.57,1534.28,dealer,Phoenix East,mastercard
SALE10541,CUST1081,PROD112,2023-08-05,4,2142.58,8570.32,Dealer,Online Warehouse,Amex
SALE10542,CUST1059,PROD145,2023-12-08,4,84.37,337.48,Online,Online Warehouse,PayPal
SALE10543,CUST1044,PROD143,2025-06-26,1,1105.04,1105.04,Store,Dallas North,ACH
SALE10544,CUST1109,PROD124,2025-05-31,2,349.92,699.84,Dealer,Dallas North,ACH
SALE10545,CUST1073,PROD135,2026-01-31,2,364.39,728.78,Dealer,Dallas North,Amex
SALE10546,CUST1058,PROD126,03/12/2023,1,310.26,310.26,Store,Online Warehouse,Visa
SALE10547,CUST1018,PROD157,2024-09-07,3,3097.21,9291.63,Online,Houston West,Amex
SALE10548,CUST1099,PROD153,2025-11-13,3,2758.92,8276.76,Dealer,Online Warehouse,ACH
SALE10549,CUST1013,PROD103,2023-11-16,2,2794.55,5589.10,Online,Dallas North,Amex
SALE10550,CUST1075,PROD116,2024-09-07,1,2078.83,2078.83,Online,ONLINE WAREHOUSE,PayPal
SALE10551,CUST1118,PROD114,26-Oct-2024,1,259.54,259.54,Store,Houston West,PayPal
SALE10552,CUST1116,PROD145,2024-09-07,1,75.93,75.93,online,Phoenix East,ACH
SALE10553,CUST1011,PROD150,2024-11-15,1,1140.09,1140.09,Store,Denver Central,PayPal
SALE10554,CUST1112,PROD108,2023-01-24,1,303.76,303.76,Dealer,Phoenix East,PayPal
SALE10555,CUST1040,PROD134,2026-01-10,1,1856.94,1856.94,Dealer,Houston West,Amex
SALE10556,CUST1090,PROD115,2025-03-15,1,2634.93,2634.93,Store,Online Warehouse,ACH
SALE10557,CUST1012,PROD115,2025-03-18,2,2634.93,5269.86,Online,Houston West,Amex
SALE10558,CUST1061,PROD137,2025-03-28,1,1163.97,1163.97,Store,Austin Downtown,paypal
SALE10559,CUST1056,PROD150,10/04/2023,2,1140.09,2280.18,Store,Online Warehouse,Mastercard
SALE10560,CUST1051,PROD142,2025-12-09,1,409.21,409.21,Online,Houston West,Visa
SALE10561,CUST1100,PROD128,2023-07-03,2,416.50,833.00,Online,Phoenix East,PayPal
SALE10562,CUST1047,PROD123,2024-12-06,2,27.02,54.04,Dealer,Phoenix East,Visa
SALE10563,CUST1040,PROD111,2025-06-24,2,1675.98,3351.96,Dealer,Houston West,PayPal
SALE10564,CUST1119,PROD153,2025-02-04,2,3065.47,6130.94,online,Phoenix East,Visa
SALE10565,CUST1095,PROD104,2023-10-30,1,1042.77,1042.77,Store,Austin Downtown,Amex
SALE10566,CUST1103,PROD108,2025-08-22,2,339.50,679.00,Online,Dallas North,Mastercard
SALE10567,CUST1069,PROD114,2025-12-07,1,274.81,274.81,Store,Online Warehouse,PayPal
SALE10568,CUST1094,PROD110,2025-12-14,1,679.13,679.13,Online,Dallas North,Mastercard
SALE10569,CUST1037,PROD113,2025-08-10,2,2787.60,5575.20,Dealer,Austin Downtown,Visa
SALE10570,CUST1085,PROD118,2023-08-09,2,2431.14,4862.28,Online,Dallas North,Cash
SALE10571,CUST1030,PROD125,2025-09-19,1,2378.15,2378.15,Dealer,Online Warehouse,Visa
SALE10572,CUST1026,PROD133,02/14/2023,4,2711.41,10845.64,Online,Houston West,ACH
SALE10573,CUST1043,PROD132,2023-11-18,2,2029.19,4058.38,Online,Dallas North,Cash
SALE10574,CUST1046,PROD141,2025-10-23,2,999.39,1998.78,Store,Austin Downtown,Cash
SALE10575,CUST1113,PROD125,2024-07-27,1,2140.34,2140.34,Online,HOUSTON WEST,Amex
SALE10576,CUST1051,PROD143,2025-02-21,1,1227.82,1227.82,dealer,Phoenix East,ach
SALE10577,CUST1081,PROD144,2024-05-07,1,1406.89,1406.89,Dealer,Houston West,PayPal
SALE10578,CUST1117,PROD139,2026-01-15,2,1884.76,3769.52,Online,Houston West,Cash
SALE10579,CUST1075,PROD135,2023-10-10,2,306.86,613.72,Store,Phoenix East,Cash
SALE10580,CUST1068,PROD159,25-Oct-2023,2,950.77,1901.54,Dealer,Online Warehouse,Mastercard
SALE10581,CUST1009,PROD136,2024-10-12,1,887.55,887.55,Online,Phoenix East,Visa
SALE10582,CUST1041,PROD157,2024-09-13,4,2942.35,11769.40,Store,Phoenix East,Cash
SALE10583,CUST1095,PROD118,2024-01-20,1,2431.14,2431.14,Online,Houston West,Mastercard
SALE10584,CUST1098,PROD140,2024-04-17,3,633.55,1900.65,Dealer,Houston West,Mastercard
SALE10585,CUST1004,PROD123,09/03/2025,1,22.97,22.97,Online,Online Warehouse,ACH
SALE10586,CUST1092,PROD142,2025-03-04,2,454.68,909.36,Store,Denver Central,Mastercard
SALE10587,CUST1025,PROD115,2023-01-31,1,2503.18,2503.18,Store,Denver Central,Mastercard
SALE10588,CUST1086,PROD113,2023-12-29,1,2787.60,2787.60,store,Online Warehouse,PayPal
SALE10589,CUST1042,PROD156,2025-05-25,2,1248.05,2496.10,Store,Austin Downtown,ACH
SALE10590,CUST1106,PROD125,2026-01-03,2,2259.24,4518.48,Dealer,Phoenix East,Cash
SALE10591,CUST1005,PROD134,2025-07-24,1,1764.09,1764.09,Online,Houston West,ACH
SALE10592,CUST1051,PROD148,2025-03-04,1,435.59,435.59,Dealer,Phoenix East,Visa
SALE10593,CUST1038,PROD129,2024-08-08,4,1944.47,7777.88,Store,Houston West,PayPal
SALE10594,CUST1079,PROD159,2025-11-24,1,850.69,850.69,Online,Denver Central,cash
SALE10595,CUST1012,PROD147,2026-01-24,1,261.04,261.04,Online,Denver Central,PayPal
SALE10596,CUST1058,PROD102,2024-02-18,2,726.79,1453.58,Store,Austin Downtown,Amex
SALE10597,CUST1089,PROD142,2023-09-11,1,386.48,386.48,Online,Austin Downtown,Cash
SALE10598,CUST1082,PROD124,02/25/2025,1,393.66,393.66,Dealer,Online Warehouse,ACH
SALE10599,CUST1049,PROD136,2023-12-16,2,887.55,1775.10,Store,Online Warehouse,Cash
SALE10600,CUST1020,PROD111,2023-04-16,1,1862.20,1862.20,store,DALLAS NORTH,Amex
SALE10601,CUST1099,PROD129,2024-01-06,3,1652.80,4958.40,Online,Houston West,Mastercard
SALE10602,CUST1080,PROD149,2025-07-28,2,1811.81,3623.62,Store,Denver Central,ACH
SALE10603,CUST1001,PROD139,2024-03-20,2,1983.96,3967.92,Dealer,Phoenix East,PayPal
SALE10604,CUST1053,PROD129,2023-01-14,1,1750.02,1750.02,Online,Online Warehouse,Amex
SALE10605,CUST1081,PROD136,2024-01-14,1,887.55,887.55,Online,Austin Downtown,Cash
SALE10606,CUST1005,PROD110,2024-09-03,1,607.64,607.64,Store,Austin Downtown,Visa
SALE10607,CUST1054,PROD112,2024-08-05,2,2142.58,4285.16,Dealer,Phoenix East,Cash
SALE10608,CUST1077,PROD137,2025-01-07,1,1228.63,1228.63,Online,Austin Downtown,Amex
SALE10609,CUST1048,PROD158,19-May-2023,2,850.57,1701.14,Store,Online Warehouse,Visa
SALE10610,CUST1061,PROD109,2024-07-16,1,1545.97,1545.97,Store,Online Warehouse,PayPal
SALE10611,CUST1027,PROD145,04/30/2023,2,75.93,151.86,Online,Online Warehouse,Cash
SALE10612,CUST1068,PROD106,2024-08-11,2,1258.30,2516.60,store,Online Warehouse,amex
SALE10613,CUST1068,PROD137,2026-02-26,2,1293.30,2586.60,Store,Online Warehouse,Cash
SALE10614,CUST1064,PROD132,2024-04-21,1,2148.55,2148.55,Dealer,Dallas North,Mastercard
SALE10615,CUST1016,PROD102,2023-08-30,4,650.28,2601.12,Dealer,Houston West,ACH
SALE10616,CUST1053,PROD103,2026-02-21,2,2794.55,5589.10,Dealer,Houston West,Visa
SALE10617,CUST1026,PROD145,2023-05-19,3,84.37,253.11,Store,Dallas North,ACH
SALE10618,CUST1042,PROD150,2024-11-13,1,1425.11,1425.11,Store,Denver Central,Cash
SALE10619,CUST1079,PROD102,2024-11-07,2,765.04,1530.08,Store,Phoenix East,PayPal
SALE10620,CUST1061,PROD152,2023-10-06,1,1514.56,1514.56,Store,Houston West,Cash
SALE10621,CUST1115,PROD156,2025-04-27,2,1185.65,2371.30,Dealer,Austin Downtown,ACH
SALE10622,CUST1073,PROD147,2026-01-02,2,234.94,469.88,Online,Houston West,ACH
SALE10623,CUST1043,PROD152,2023-11-02,2,1781.83,3563.66,Store,Austin Downtown,Amex
SALE10624,CUST1081,PROD135,03/08/2025,2,345.21,690.42,online,Online Warehouse,Visa
SALE10625,CUST1101,PROD149,2024-10-06,2,1540.04,3080.08,Dealer,AUSTIN DOWNTOWN,Amex
SALE10626,CUST1012,PROD132,2025-07-14,1,2387.28,2387.28,Store,Houston West,ACH
SALE10627,CUST1023,PROD108,2023-03-18,2,285.90,571.80,Online,Austin Downtown,PayPal
SALE10628,CUST1004,PROD152,2023-11-12,2,1603.65,3207.30,Online,Dallas North,PayPal
SALE10629,CUST1112,PROD134,2024-11-01,2,1485.55,2971.10,Online,Austin Downtown,ACH
SALE10630,CUST1017,PROD114,2025-03-04,1,290.07,290.07,Dealer,Online Warehouse,visa
SALE10631,CUST1040,PROD160,2023-06-28,1,815.33,815.33,Store,Denver Central,Visa
SALE10632,CUST1067,PROD150,2024-10-01,3,1425.11,4275.33,Dealer,Houston West,Amex
SALE10633,CUST1025,PROD119,2024-10-15,2,1184.96,2369.92,Store,Phoenix East,Visa
SALE10634,CUST1020,PROD111,2023-02-01,2,1862.20,3724.40,Dealer,Online Warehouse,ACH
SALE10635,CUST1027,PROD135,2024-10-14,3,345.21,1035.63,Store,Houston West,Cash
SALE10636,CUST1037,PROD137,2023-05-26,1,1293.30,1293.30,store,Online Warehouse,Amex
SALE10637,CUST1057,PROD104,08/22/2025,1,1158.63,1158.63,Dealer,Austin Downtown,Visa
SALE10638,CUST1007,PROD106,02-Jan-2024,2,1406.33,2812.66,Dealer,Online Warehouse,ACH
SALE10639,CUST1108,PROD145,2024-12-29,4,75.93,303.72,Store,Dallas North,Mastercard
SALE10640,CUST1098,PROD143,2025-08-11,1,982.26,982.26,Dealer,Houston West,Visa
SALE10641,CUST1103,PROD159,2025-07-22,4,1000.81,4003.24,Store,Phoenix East,Cash
SALE10642,CUST1099,PROD130,2024-04-03,4,1096.48,4385.92,Online,Online Warehouse,Amex
SALE10643,CUST1047,PROD126,2024-11-07,1,310.26,310.26,Store,Denver Central,PayPal
SALE10644,CUST1009,PROD131,2025-09-07,1,1209.03,1209.03,Store,Houston West,Amex
SALE10645,CUST1045,PROD139,2023-07-30,1,1785.56,1785.56,Store,Phoenix East,Visa
SALE10646,CUST1072,PROD142,2024-09-10,1,363.74,363.74,Dealer,Denver Central,PayPal
SALE10647,CUST1053,PROD116,2023-11-22,1,1870.95,1870.95,Store,Denver Central,Visa
SALE10648,CUST1027,PROD153,2025-06-10,4,2452.38,9809.52,dealer,Dallas North,ach
SALE10649,CUST1031,PROD112,2025-09-23,1,2142.58,2142.58,Online,Online Warehouse,ACH
SALE10650,CUST1042,PROD136,06/30/2025,1,710.04,710.04,Online,DALLAS NORTH,PayPal
SALE10651,CUST1077,PROD107,2025-10-09,2,969.91,1939.82,Dealer,Phoenix East,Visa
SALE10652,CUST1028,PROD153,2023-01-01,2,2758.92,5517.84,Online,Phoenix East,Mastercard
SALE10653,CUST1069,PROD119,2025-07-04,2,1184.96,2369.92,Online,Houston West,Cash
SALE10654,CUST1041,PROD120,2024-12-06,3,317.44,952.32,Online,Online Warehouse,Visa
SALE10655,CUST1066,PROD126,2024-08-25,1,292.01,292.01,Online,Dallas North,ACH
SALE10656,CUST1001,PROD146,2024-07-31,3,1404.32,4212.96,Online,Houston West,PayPal
SALE10657,CUST1076,PROD126,2025-02-22,2,310.26,620.52,Store,Denver Central,PayPal
SALE10658,CUST1028,PROD143,2023-10-12,1,1166.43,1166.43,Online,Online Warehouse,PayPal
SALE10659,CUST1119,PROD124,2024-08-13,2,437.40,874.80,Dealer,Houston West,Mastercard
SALE10660,CUST1010,PROD142,2025-09-23,1,454.68,454.68,dealer,Denver Central,Mastercard
SALE10661,CUST1018,PROD142,2025-07-22,2,363.74,727.48,Dealer,Online Warehouse,PayPal
SALE10662,CUST1024,PROD130,2025-07-10,4,986.83,3947.32,Store,Dallas North,Mastercard
SALE10663,CUST1055,PROD139,10/17/2025,1,1785.56,1785.56,Dealer,Houston West,Cash
SALE10664,CUST1035,PROD127,2023-03-19,2,2714.10,5428.20,Dealer,Denver Central,Cash
SALE10665,CUST1015,PROD138,2023-06-13,2,1242.27,2484.54,Online,Phoenix East,Cash
SALE10666,CUST1110,PROD149,2025-11-24,2,1721.22,3442.44,Online,Online Warehouse,ach
SALE10667,CUST1032,PROD131,09-Jan-2026,1,1027.68,1027.68,Dealer,Dallas North,ACH
SALE10668,CUST1116,PROD122,2025-07-18,1,2396.05,2396.05,Dealer,Denver Central,ACH
SALE10669,CUST1043,PROD127,2024-08-26,2,2171.28,4342.56,Store,Houston West,Visa
SALE10670,CUST1119,PROD139,2026-02-28,2,1686.37,3372.74,Store,Austin Downtown,Cash
SALE10671,CUST1075,PROD111,2024-08-20,1,1582.87,1582.87,Dealer,Online Warehouse,Visa
SALE10672,CUST1063,PROD106,2023-06-07,1,1332.32,1332.32,store,Dallas North,Mastercard
SALE10673,CUST1036,PROD118,2023-08-17,2,3038.93,6077.86,Dealer,Houston West,ACH
SALE10674,CUST1020,PROD143,2023-12-26,2,1227.82,2455.64,Store,Phoenix East,Mastercard
SALE10675,CUST1024,PROD152,2023-06-22,1,1781.83,1781.83,Online,ONLINE WAREHOUSE,Mastercard
SALE10676,CUST1064,PROD149,02/23/2025,2,1449.45,2898.90,Online,Phoenix East,PayPal
SALE10677,CUST1082,PROD111,2024-12-07,1,1675.98,1675.98,Online,Phoenix East,Amex
SALE10678,CUST1105,PROD108,2025-08-08,1,357.37,357.37,Store,Denver Central,Amex
SALE10679,CUST1096,PROD149,2025-03-09,1,1721.22,1721.22,Store,Dallas North,Mastercard
SALE10680,CUST1112,PROD128,2025-07-08,1,490.00,490.00,Store,Phoenix East,Amex
SALE10681,CUST1088,PROD103,2024-12-25,1,2515.10,2515.10,Store,Online Warehouse,Cash
SALE10682,CUST1035,PROD122,2023-07-21,2,2522.16,5044.32,Store,Phoenix East,ACH
SALE10683,CUST1060,PROD150,2024-02-04,2,1211.34,2422.68,Dealer,Dallas North,Cash
SALE10684,CUST1024,PROD121,2023-01-18,1,2582.09,2582.09,online,Austin Downtown,paypal
SALE10685,CUST1068,PROD107,2024-03-25,2,969.91,1939.82,Dealer,Dallas North,Amex
SALE10686,CUST1005,PROD102,2024-03-20,1,765.04,765.04,Dealer,Phoenix East,Visa
SALE10687,CUST1016,PROD106,2026-03-05,1,1406.33,1406.33,Online,Austin Downtown,Cash
SALE10688,CUST1033,PROD119,2023-06-05,2,1119.13,2238.26,Dealer,Denver Central,Amex
SALE10689,CUST1055,PROD145,11/28/2023,3,84.37,253.11,Online,Dallas North,Visa
SALE10690,CUST1050,PROD122,2024-06-26,1,2522.16,2522.16,Online,Denver Central,Visa
SALE10691,CUST1119,PROD113,2025-10-04,2,2787.60,5575.20,Online,Houston West,ACH
SALE10692,CUST1056,PROD114,2024-06-14,1,290.07,290.07,Online,Austin Downtown,Visa
SALE10693,CUST1074,PROD147,2025-07-02,2,208.83,417.66,Online,Denver Central,Mastercard
SALE10694,CUST1082,PROD101,2025-03-10,1,2319.07,2319.07,Store,Houston West,Cash
SALE10695,CUST1116,PROD126,2025-10-01,1,328.51,328.51,Store,Denver Central,PayPal
SALE10696,CUST1094,PROD150,07-Apr-2024,1,1282.60,1282.60,online,Denver Central,Cash
SALE10697,CUST1100,PROD131,2026-01-01,1,1088.13,1088.13,Store,Dallas North,Cash
SALE10698,CUST1052,PROD104,2025-12-30,1,1158.63,1158.63,Store,Austin Downtown,PayPal
SALE10699,CUST1099,PROD119,2026-02-09,1,1316.62,1316.62,Online,Denver Central,Cash
SALE10700,CUST1039,PROD145,2025-01-05,4,84.37,337.48,Store,AUSTIN DOWNTOWN,Cash
SALE10701,CUST1095,PROD113,2024-01-31,1,2787.60,2787.60,Online,Phoenix East,ACH
SALE10702,CUST1063,PROD125,01/12/2026,1,1902.52,1902.52,Dealer,Dallas North,paypal
SALE10703,CUST1107,PROD152,2023-03-17,2,1781.83,3563.66,Store,Austin Downtown,Amex
SALE10704,CUST1093,PROD103,2024-03-09,2,2794.55,5589.10,Dealer,Phoenix East,ACH
SALE10705,CUST1087,PROD156,2024-04-22,1,1060.84,1060.84,Online,Austin Downtown,Cash
SALE10706,CUST1063,PROD142,2023-04-04,1,431.95,431.95,Online,Phoenix East,Cash
SALE10707,CUST1002,PROD112,2023-07-19,1,2520.68,2520.68,Store,Online Warehouse,Mastercard
SALE10708,CUST1076,PROD105,2025-10-15,1,2789.01,2789.01,dealer,Online Warehouse,Mastercard
SALE10709,CUST1103,PROD113,2025-04-03,2,2787.60,5575.20,Store,Austin Downtown,Cash
SALE10710,CUST1070,PROD109,2024-03-12,2,1455.03,2910.06,Online,Online Warehouse,Mastercard
SALE10711,CUST1009,PROD108,2025-04-30,2,357.37,714.74,Online,Phoenix East,Amex
SALE10712,CUST1022,PROD129,2023-03-25,2,1750.02,3500.04,Online,Austin Downtown,Cash
SALE10713,CUST1049,PROD150,2025-09-24,2,1425.11,2850.22,Online,Austin Downtown,Visa
SALE10714,CUST1119,PROD106,2025-09-01,2,1406.33,2812.66,Dealer,Houston West,Mastercard
SALE10715,CUST1082,PROD118,05/04/2024,2,2886.98,5773.96,Online,Online Warehouse,Cash
SALE10716,CUST1077,PROD112,2023-06-30,4,2268.61,9074.44,Dealer,Dallas North,Amex
SALE10717,CUST1001,PROD136,2023-08-29,1,887.55,887.55,Dealer,Austin Downtown,ACH
SALE10718,CUST1111,PROD149,2024-03-02,1,1721.22,1721.22,Store,Austin Downtown,Mastercard
SALE10719,CUST1102,PROD110,2023-12-28,2,679.13,1358.26,Online,Phoenix East,Visa
SALE10720,CUST1083,PROD124,2025-06-09,2,437.40,874.80,store,Dallas North,ach
SALE10721,CUST1114,PROD149,2023-08-02,2,1811.81,3623.62,Dealer,Austin Downtown,ACH
SALE10722,CUST1021,PROD151,2025-11-20,1,1383.19,1383.19,Online,Austin Downtown,Mastercard
SALE10723,CUST1057,PROD138,2024-02-12,2,1388.42,2776.84,Dealer,Phoenix East,Amex
SALE10724,CUST1100,PROD108,2023-07-20,2,357.37,714.74,Online,Phoenix East,PayPal
SALE10725,CUST1026,PROD125,22-Aug-2025,1,2378.15,2378.15,Dealer,DENVER CENTRAL,Visa
SALE10726,CUST1056,PROD110,2025-07-20,1,643.38,643.38,Online,Denver Central,Amex
SALE10727,CUST1059,PROD147,2025-01-04,1,221.88,221.88,Store,Houston West,Amex
SALE10728,CUST1005,PROD145,10/07/2023,1,84.37,84.37,Online,Denver Central,PayPal
SALE10729,CUST1022,PROD149,2024-08-27,2,1811.81,3623.62,Dealer,Houston West,Cash
SALE10730,CUST1116,PROD111,2025-04-23,1,1862.20,1862.20,Dealer,Denver Central,Mastercard
SALE10731,CUST1061,PROD154,2023-01-30,2,3171.32,6342.64,Dealer,Denver Central,Cash
SALE10732,CUST1032,PROD116,2024-03-31,2,1974.89,3949.78,dealer,Houston West,ACH
SALE10733,CUST1001,PROD127,2025-08-21,1,2714.10,2714.10,Dealer,Online Warehouse,Visa
SALE10734,CUST1068,PROD126,2023-07-20,2,292.01,584.02,Store,Denver Central,Mastercard
SALE10735,CUST1072,PROD149,2025-04-12,1,1540.04,1540.04,Online,Houston West,Amex
SALE10736,CUST1031,PROD142,2025-09-09,1,454.68,454.68,Dealer,Dallas North,Mastercard
SALE10737,CUST1059,PROD155,2025-08-07,1,2358.23,2358.23,Online,Phoenix East,PayPal
SALE10738,CUST1102,PROD156,2025-08-08,2,1060.84,2121.68,Dealer,Phoenix East,visa
SALE10739,CUST1081,PROD105,2024-11-12,2,2370.66,4741.32,Dealer,Austin Downtown,Amex
SALE10740,CUST1097,PROD118,2023-06-15,1,2431.14,2431.14,Dealer,Dallas North,Cash
SALE10741,CUST1008,PROD133,08/16/2023,3,3012.68,9038.04,Store,Dallas North,PayPal
SALE10742,CUST1006,PROD124,2026-02-18,2,437.40,874.80,Dealer,Austin Downtown,ACH
SALE10743,CUST1100,PROD114,2024-05-03,1,305.34,305.34,Dealer,Austin Downtown,Cash
SALE10744,CUST1095,PROD149,2024-04-06,1,1449.45,1449.45,store,Dallas North,Amex
SALE10745,CUST1088,PROD128,2023-05-10,2,490.00,980.00,Store,Dallas North,PayPal
SALE10746,CUST1065,PROD134,2025-12-25,1,1764.09,1764.09,Dealer,Online Warehouse,Amex
SALE10747,CUST1080,PROD124,2025-07-26,1,437.40,437.40,Online,Austin Downtown,PayPal
SALE10748,CUST1023,PROD119,2023-12-04,1,1316.62,1316.62,Store,Austin Downtown,Cash
SALE10749,CUST1064,PROD110,2023-02-16,1,643.38,643.38,Store,Denver Central,Cash
SALE10750,CUST1120,PROD109,2025-05-10,2,1818.79,3637.58,Store,PHOENIX EAST,Cash
SALE10751,CUST1038,PROD113,2024-04-20,1,2787.60,2787.60,Dealer,Phoenix East,Amex
SALE10752,CUST1075,PROD122,2025-12-21,2,2396.05,4792.10,Dealer,Denver Central,PayPal
SALE10753,CUST1073,PROD109,2024-06-16,2,1818.79,3637.58,Online,Denver Central,Amex
SALE10754,CUST1099,PROD155,12/24/2024,1,2482.35,2482.35,Store,Denver Central,Mastercard
SALE10755,CUST1119,PROD111,2023-12-26,2,1862.20,3724.40,Dealer,Phoenix East,Cash
SALE10756,CUST1020,PROD111,2023-03-26,1,1862.20,1862.20,store,Online Warehouse,mastercard
SALE10757,CUST1034,PROD124,2026-02-25,1,437.40,437.40,Dealer,Austin Downtown,Cash
SALE10758,CUST1045,PROD110,2026-01-10,2,679.13,1358.26,Online,Online Warehouse,Amex
SALE10759,CUST1118,PROD102,2023-10-25,4,726.79,2907.16,Store,Dallas North,Mastercard
SALE10760,CUST1095,PROD135,2024-08-28,3,326.03,978.09,Store,Dallas North,ACH
SALE10761,CUST1019,PROD152,2023-08-19,2,1781.83,3563.66,Dealer,Denver Central,Visa
SALE10762,CUST1087,PROD136,2023-02-20,1,887.55,887.55,Store,Online Warehouse,Mastercard
SALE10763,CUST1046,PROD106,2024-02-04,2,1480.35,2960.70,Dealer,Online Warehouse,Mastercard
SALE10764,CUST1120,PROD150,2023-02-16,3,1425.11,4275.33,Online,Online Warehouse,PayPal
SALE10765,CUST1086,PROD106,2025-10-01,2,1480.35,2960.70,Store,Online Warehouse,ACH
SALE10766,CUST1008,PROD159,2023-10-30,3,950.77,2852.31,Dealer,Denver Central,Amex
SALE10767,CUST1048,PROD101,12/20/2024,2,2728.32,5456.64,Store,Denver Central,ACH
SALE10768,CUST1028,PROD147,2025-05-01,2,221.88,443.76,store,Dallas North,Mastercard
SALE10769,CUST1094,PROD158,2025-04-28,2,903.73,1807.46,Online,Online Warehouse,ACH
SALE10770,CUST1019,PROD114,2025-12-11,2,290.07,580.14,Store,Austin Downtown,ACH
SALE10771,CUST1049,PROD106,2024-07-13,1,1406.33,1406.33,Store,Houston West,ACH
SALE10772,CUST1091,PROD137,2024-01-16,1,1293.30,1293.30,Store,Dallas North,ACH
SALE10773,CUST1006,PROD153,2024-09-14,3,2452.38,7357.14,Store,Online Warehouse,Cash
SALE10774,CUST1029,PROD102,2024-06-21,1,765.04,765.04,Store,Phoenix East,cash
SALE10775,CUST1016,PROD142,2024-01-03,2,431.95,863.90,Store,PHOENIX EAST,Cash
SALE10776,CUST1004,PROD108,2023-05-17,2,339.50,679.00,Dealer,Phoenix East,Amex
SALE10777,CUST1062,PROD137,2024-06-12,2,1034.64,2069.28,Dealer,Phoenix East,PayPal
SALE10778,CUST1105,PROD108,2023-02-05,2,321.63,643.26,Store,Houston West,ACH
SALE10779,CUST1019,PROD121,2023-10-05,2,2582.09,5164.18,Store,Houston West,Visa
SALE10780,CUST1047,PROD127,08/16/2024,2,2714.10,5428.20,store,Online Warehouse,Cash
SALE10781,CUST1010,PROD133,2024-01-11,2,2410.14,4820.28,Online,Online Warehouse,Mastercard
SALE10782,CUST1042,PROD156,2024-09-08,2,998.44,1996.88,Store,Phoenix East,Cash
SALE10783,CUST1047,PROD107,22-Oct-2023,2,775.93,1551.86,Online,Houston West,ACH
SALE10784,CUST1048,PROD150,2024-11-27,4,1353.85,5415.40,Online,Austin Downtown,Mastercard
SALE10785,CUST1065,PROD115,2026-02-18,1,2107.94,2107.94,Dealer,Phoenix East,ACH
SALE10786,CUST1069,PROD146,2025-08-01,1,1334.10,1334.10,Online,Austin Downtown,Mastercard
SALE10787,CUST1003,PROD131,2025-01-12,3,1209.03,3627.09,Online,Denver Central,ACH
SALE10788,CUST1098,PROD122,2024-09-15,1,2143.84,2143.84,Online,Phoenix East,Visa
SALE10789,CUST1017,PROD155,2024-04-09,2,2110.00,4220.00,Store,Houston West,Mastercard
SALE10790,CUST1011,PROD128,2023-02-08,1,490.00,490.00,Store,Denver Central,Visa
SALE10791,CUST1014,PROD103,2023-09-01,1,2654.82,2654.82,Store,Austin Downtown,Visa
SALE10792,CUST1086,PROD101,2023-09-11,1,2182.66,2182.66,dealer,Houston West,ach
SALE10793,CUST1026,PROD112,07/05/2023,3,2520.68,7562.04,Online,Phoenix East,Amex
SALE10794,CUST1045,PROD123,2025-10-22,2,21.62,43.24,Dealer,Online Warehouse,Mastercard
SALE10795,CUST1073,PROD105,2023-01-29,1,2231.21,2231.21,Dealer,Houston West,Cash
SALE10796,CUST1037,PROD111,2023-07-22,1,1582.87,1582.87,Online,Online Warehouse,Cash
SALE10797,CUST1047,PROD145,2023-08-08,2,80.15,160.30,Online,Dallas North,PayPal
SALE10798,CUST1028,PROD133,2023-08-20,2,2862.05,5724.10,Store,Austin Downtown,PayPal
SALE10799,CUST1067,PROD109,2025-01-09,2,1455.03,2910.06,Dealer,Dallas North,ACH
SALE10800,CUST1006,PROD106,2023-08-25,2,1406.33,2812.66,Store,DALLAS NORTH,PayPal
SALE10801,CUST1095,PROD120,2026-02-08,4,334.15,1336.60,Store,Dallas North,PayPal
SALE10802,CUST1110,PROD105,2025-01-22,2,2370.66,4741.32,Online,Austin Downtown,Cash
SALE10803,CUST1087,PROD107,2025-12-06,2,921.41,1842.82,Dealer,Phoenix East,Visa
SALE10804,CUST1019,PROD126,2023-07-28,2,310.26,620.52,dealer,Houston West,Visa
SALE10805,CUST1026,PROD122,2025-04-07,1,2269.94,2269.94,Online,Houston West,PayPal
SALE10806,CUST1064,PROD118,03/30/2025,2,2431.14,4862.28,Store,Denver Central,Cash
SALE10807,CUST1052,PROD132,2025-07-20,2,2387.28,4774.56,Online,Austin Downtown,Amex
SALE10808,CUST1064,PROD115,2023-07-23,1,2634.93,2634.93,Dealer,Austin Downtown,Visa
SALE10809,CUST1087,PROD102,2024-10-31,2,726.79,1453.58,Online,Dallas North,ACH
SALE10810,CUST1013,PROD149,2025-11-30,1,1540.04,1540.04,Store,Denver Central,mastercard
SALE10811,CUST1085,PROD132,2024-06-19,2,2148.55,4297.10,Dealer,Dallas North,ACH
SALE10812,CUST1003,PROD149,01-Sep-2023,1,1721.22,1721.22,Store,Denver Central,Amex
SALE10813,CUST1049,PROD129,2023-03-09,4,1944.47,7777.88,Online,Online Warehouse,Cash
SALE10814,CUST1100,PROD120,2025-06-01,2,317.44,634.88,Online,Dallas North,Cash
SALE10815,CUST1063,PROD149,2025-10-01,1,1630.63,1630.63,Dealer,Online Warehouse,Cash
SALE10816,CUST1074,PROD131,2023-11-17,4,1088.13,4352.52,dealer,Austin Downtown,PayPal
SALE10817,CUST1064,PROD138,2024-12-23,2,1315.35,2630.70,Store,Dallas North,Visa
SALE10818,CUST1076,PROD103,2025-01-20,1,2235.64,2235.64,Store,Phoenix East,ACH
SALE10819,CUST1098,PROD158,07/19/2023,2,1010.05,2020.10,Store,Dallas North,Amex
SALE10820,CUST1045,PROD104,2024-04-25,1,1158.63,1158.63,Dealer,Dallas North,ACH
SALE10821,CUST1117,PROD145,2024-09-16,1,67.50,67.50,Online,Dallas North,Mastercard
SALE10822,CUST1069,PROD121,2025-05-15,1,2885.86,2885.86,Dealer,Online Warehouse,PayPal
SALE10823,CUST1003,PROD145,2023-02-15,4,75.93,303.72,Store,Denver Central,ACH
SALE10824,CUST1042,PROD137,2025-09-27,1,1034.64,1034.64,Online,Phoenix East,Cash
SALE10825,CUST1044,PROD132,2024-09-05,2,2387.28,4774.56,Store,DENVER CENTRAL,Mastercard
SALE10826,CUST1082,PROD155,2026-01-02,1,1985.88,1985.88,Online,Dallas North,Amex
SALE10827,CUST1039,PROD137,2024-04-07,2,1034.64,2069.28,Dealer,Phoenix East,Visa
SALE10828,CUST1109,PROD138,2024-11-20,1,1315.35,1315.35,store,Austin Downtown,ach
SALE10829,CUST1068,PROD131,2024-12-12,4,1209.03,4836.12,Online,Phoenix East,Amex
SALE10830,CUST1103,PROD120,2026-01-10,4,284.03,1136.12,Store,Houston West,PayPal
SALE10831,CUST1033,PROD140,2026-01-26,4,598.35,2393.40,Online,Austin Downtown,Cash
SALE10832,CUST1067,PROD156,10/19/2025,1,1123.24,1123.24,Online,Phoenix East,Cash
SALE10833,CUST1035,PROD160,2023-05-03,4,863.29,3453.16,Dealer,Houston West,Amex
SALE10834,CUST1019,PROD116,2024-09-06,1,1767.01,1767.01,Store,Denver Central,Amex
SALE10835,CUST1107,PROD159,2024-02-21,1,850.69,850.69,Store,Dallas North,Amex
SALE10836,CUST1021,PROD117,2024-05-03,2,937.17,1874.34,Online,Houston West,Mastercard
SALE10837,CUST1032,PROD152,2025-09-21,2,1692.74,3385.48,Dealer,Denver Central,PayPal
SALE10838,CUST1116,PROD103,2024-07-12,1,2794.55,2794.55,Online,Austin Downtown,Amex
SALE10839,CUST1103,PROD118,2023-03-28,1,2583.09,2583.09,Dealer,Denver Central,Visa
SALE10840,CUST1111,PROD158,2024-09-02,1,1063.21,1063.21,online,Denver Central,Amex
SALE10841,CUST1085,PROD157,15-Oct-2023,1,2942.35,2942.35,Online,Austin Downtown,ACH
SALE10842,CUST1065,PROD160,2025-12-11,1,863.29,863.29,Store,Denver Central,Visa
SALE10843,CUST1077,PROD108,2025-03-09,2,357.37,714.74,Dealer,Phoenix East,Mastercard
SALE10844,CUST1055,PROD114,2023-12-25,1,305.34,305.34,Online,Dallas North,PayPal
SALE10845,CUST1033,PROD156,12/28/2025,1,1185.65,1185.65,Store,Phoenix East,Visa
SALE10846,CUST1070,PROD128,2024-05-19,2,416.50,833.00,Store,Houston West,amex
SALE10847,CUST1092,PROD124,2023-03-13,2,437.40,874.80,Dealer,Phoenix East,Visa
SALE10848,CUST1118,PROD151,2026-02-05,2,1455.99,2911.98,Store,Dallas North,Cash
SALE10849,CUST1047,PROD158,2024-04-29,1,956.89,956.89,Store,Denver Central,Visa
SALE10850,CUST1051,PROD160,2023-07-04,3,959.21,2877.63,Online,DALLAS NORTH,Mastercard
SALE10851,CUST1114,PROD111,2024-10-11,2,1582.87,3165.74,Dealer,Denver Central,Visa
SALE10852,CUST1111,PROD106,2025-04-25,2,1406.33,2812.66,store,Phoenix East,PayPal
SALE10853,CUST1118,PROD153,2023-11-25,1,2452.38,2452.38,Dealer,Dallas North,ACH
SALE10854,CUST1046,PROD127,2023-02-26,2,2578.39,5156.78,Online,Phoenix East,Cash
SALE10855,CUST1081,PROD129,2025-03-31,2,1944.47,3888.94,Online,Phoenix East,Amex
SALE10856,CUST1074,PROD106,2024-05-26,1,1480.35,1480.35,Dealer,Phoenix East,Cash
SALE10857,CUST1017,PROD155,2024-10-16,4,1985.88,7943.52,Store,Denver Central,Cash
SALE10858,CUST1034,PROD112,07/31/2024,3,2016.54,6049.62,Online,Austin Downtown,PayPal
SALE10859,CUST1024,PROD126,2024-04-04,2,292.01,584.02,Online,Austin Downtown,ACH
SALE10860,CUST1079,PROD141,2025-08-05,1,999.39,999.39,Online,Dallas North,Cash
SALE10861,CUST1022,PROD104,2025-05-28,2,1042.77,2085.54,Dealer,Dallas North,Mastercard
SALE10862,CUST1048,PROD111,2025-12-12,1,1862.20,1862.20,Store,Denver Central,Cash
SALE10863,CUST1016,PROD115,2024-06-29,1,2634.93,2634.93,Store,Phoenix East,PayPal
SALE10864,CUST1017,PROD128,2024-03-17,1,441.00,441.00,store,Phoenix East,cash
SALE10865,CUST1054,PROD112,2023-10-26,4,2016.54,8066.16,Online,Dallas North,Amex
SALE10866,CUST1080,PROD129,2025-07-27,2,1944.47,3888.94,Online,Austin Downtown,PayPal
SALE10867,CUST1112,PROD121,2024-03-10,2,2582.09,5164.18,Dealer,Denver Central,Cash
SALE10868,CUST1095,PROD139,2023-07-15,2,1983.96,3967.92,Dealer,Austin Downtown,Visa
SALE10869,CUST1120,PROD116,2023-04-04,2,2078.83,4157.66,Online,Dallas North,ACH
SALE10870,CUST1049,PROD120,29-Jan-2025,4,284.03,1136.12,Online,Online Warehouse,Visa
SALE10871,CUST1023,PROD117,10/06/2025,2,887.84,1775.68,Store,Denver Central,Mastercard
SALE10872,CUST1041,PROD146,2024-06-17,4,1404.32,5617.28,Online,Dallas North,Visa
SALE10873,CUST1064,PROD156,2025-01-08,2,1060.84,2121.68,Store,Dallas North,Amex
SALE10874,CUST1107,PROD149,2024-10-03,2,1630.63,3261.26,Store,Houston West,Amex
SALE10875,CUST1063,PROD149,2025-06-20,1,1630.63,1630.63,Online,HOUSTON WEST,Mastercard
SALE10876,CUST1030,PROD112,2024-06-16,1,2394.65,2394.65,online,Phoenix East,PayPal
SALE10877,CUST1015,PROD158,2025-06-23,2,1063.21,2126.42,Store,Phoenix East,ACH
SALE10878,CUST1059,PROD132,2023-10-31,1,1909.82,1909.82,Online,Dallas North,Visa
SALE10879,CUST1112,PROD119,2023-12-11,1,1053.30,1053.30,Dealer,Online Warehouse,Amex
SALE10880,CUST1115,PROD143,2023-01-09,1,1105.04,1105.04,Dealer,Online Warehouse,Mastercard
SALE10881,CUST1118,PROD105,2025-10-17,1,2231.21,2231.21,Dealer,Austin Downtown,Amex
SALE10882,CUST1037,PROD144,2025-02-04,1,1406.89,1406.89,Dealer,Austin Downtown,amex
SALE10883,CUST1004,PROD106,2025-09-09,2,1184.28,2368.56,Store,Phoenix East,Amex
SALE10884,CUST1085,PROD101,07/16/2025,2,2728.32,5456.64,Store,Phoenix East,Cash
SALE10885,CUST1103,PROD137,2023-04-10,1,1293.30,1293.30,Dealer,Dallas North,Amex
SALE10886,CUST1008,PROD148,2025-02-20,1,435.59,435.59,Online,Denver Central,Amex
SALE10887,CUST1031,PROD150,2023-02-12,4,1425.11,5700.44,Online,Houston West,PayPal
SALE10888,CUST1052,PROD119,2024-09-03,1,1316.62,1316.62,store,Denver Central,Cash
SALE10889,CUST1118,PROD120,2023-07-16,2,334.15,668.30,Store,Online Warehouse,Mastercard
SALE10890,CUST1058,PROD157,2024-07-03,4,2942.35,11769.40,Dealer,Online Warehouse,PayPal
SALE10891,CUST1097,PROD128,2024-01-17,2,441.00,882.00,Store,Phoenix East,PayPal
SALE10892,CUST1006,PROD133,2024-04-04,3,2862.05,8586.15,Dealer,Phoenix East,Cash
SALE10893,CUST1120,PROD132,2025-08-16,1,2387.28,2387.28,Store,Austin Downtown,PayPal
SALE10894,CUST1020,PROD109,2024-05-24,2,1455.03,2910.06,Dealer,Denver Central,Amex
SALE10895,CUST1007,PROD136,2025-11-17,1,887.55,887.55,Online,Online Warehouse,PayPal
SALE10896,CUST1013,PROD130,2024-06-05,3,1096.48,3289.44,Dealer,Austin Downtown,ACH
SALE10897,CUST1015,PROD148,01/09/2024,4,483.99,1935.96,Store,Austin Downtown,Visa
SALE10898,CUST1113,PROD146,2025-07-20,3,1404.32,4212.96,Dealer,Denver Central,ACH
SALE10899,CUST1034,PROD122,15-Jan-2024,1,2522.16,2522.16,Online,Phoenix East,ACH
SALE10900,CUST1112,PROD144,2025-12-30,1,1406.89,1406.89,online,AUSTIN DOWNTOWN,paypal
SALE10901,CUST1002,PROD111,2025-04-09,2,1769.09,3538.18,Dealer,Phoenix East,ACH
SALE10902,CUST1063,PROD120,2025-03-19,3,284.03,852.09,Store,Austin Downtown,Mastercard
SALE10903,CUST1002,PROD113,2023-02-02,1,2230.08,2230.08,Dealer,Houston West,Visa
SALE10904,CUST1062,PROD142,2024-05-10,1,386.48,386.48,Store,Phoenix East,ACH
SALE10905,CUST1012,PROD120,2025-08-28,4,334.15,1336.60,Store,Austin Downtown,Visa
SALE10906,CUST1116,PROD110,2025-08-23,2,679.13,1358.26,Online,Denver Central,ACH
SALE10907,CUST1026,PROD119,2024-11-14,2,1316.62,2633.24,Online,Austin Downtown,Cash
SALE10908,CUST1092,PROD128,2025-10-12,2,392.00,784.00,Dealer,Online Warehouse,ACH
SALE10909,CUST1071,PROD119,2025-03-29,1,1250.79,1250.79,Store,Online Warehouse,ACH
SALE10910,CUST1079,PROD160,05/05/2023,4,959.21,3836.84,Dealer,Austin Downtown,PayPal
SALE10911,CUST1041,PROD136,2025-05-04,1,887.55,887.55,Store,Austin Downtown,PayPal
SALE10912,CUST1083,PROD123,2025-06-12,4,22.97,91.88,online,Houston West,Amex
SALE10913,CUST1025,PROD131,2024-04-20,3,1148.58,3445.74,Dealer,Houston West,ACH
SALE10914,CUST1088,PROD122,2024-08-23,2,2522.16,5044.32,Dealer,Phoenix East,PayPal
SALE10915,CUST1107,PROD144,2025-08-25,2,1184.75,2369.50,Online,Online Warehouse,Mastercard
SALE10916,CUST1089,PROD148,2025-09-15,1,411.39,411.39,Online,Houston West,Mastercard
SALE10917,CUST1078,PROD132,2025-05-01,1,1909.82,1909.82,Store,Dallas North,Mastercard
SALE10918,CUST1072,PROD104,2024-06-18,1,1158.63,1158.63,Store,Phoenix East,mastercard
SALE10919,CUST1106,PROD156,2023-05-11,1,998.44,998.44,Store,Denver Central,Visa
SALE10920,CUST1030,PROD108,2024-06-12,1,339.50,339.50,Store,Dallas North,Visa
SALE10921,CUST1113,PROD136,2025-11-21,2,887.55,1775.10,Dealer,Phoenix East,Visa
SALE10922,CUST1007,PROD160,2025-07-25,4,767.37,3069.48,Online,Austin Downtown,ACH
SALE10923,CUST1101,PROD155,02/25/2026,1,1985.88,1985.88,Online,Online Warehouse,Visa
SALE10924,CUST1081,PROD108,2023-11-18,1,357.37,357.37,dealer,Dallas North,Cash
SALE10925,CUST1098,PROD133,2023-07-23,4,2560.78,10243.12,Online,PHOENIX EAST,Amex
SALE10926,CUST1105,PROD109,2024-02-18,1,1455.03,1455.03,Store,Denver Central,Visa
SALE10927,CUST1107,PROD152,2024-08-10,2,1781.83,3563.66,Dealer,Houston West,Visa
SALE10928,CUST1048,PROD146,17-May-2024,4,1404.32,5617.28,Online,Online Warehouse,PayPal
SALE10929,CUST1030,PROD109,2025-04-18,2,1727.85,3455.70,Store,Online Warehouse,Cash
SALE10930,CUST1004,PROD129,2023-01-21,2,1555.58,3111.16,Dealer,Online Warehouse,Visa
SALE10931,CUST1044,PROD121,2023-12-03,2,2430.20,4860.40,Store,Austin Downtown,PayPal
SALE10932,CUST1005,PROD143,2023-04-29,1,1105.04,1105.04,Dealer,Phoenix East,Cash
SALE10933,CUST1067,PROD119,2026-02-07,2,1250.79,2501.58,Store,Phoenix East,Cash
SALE10934,CUST1117,PROD123,2024-07-26,1,21.62,21.62,Dealer,Online Warehouse,Mastercard
SALE10935,CUST1052,PROD129,2025-06-24,2,1750.02,3500.04,Dealer,Dallas North,Cash
SALE10936,CUST1100,PROD113,03/17/2023,2,2787.60,5575.20,dealer,Dallas North,paypal
SALE10937,CUST1093,PROD148,2026-01-12,2,435.59,871.18,Store,Houston West,Visa
SALE10938,CUST1071,PROD120,2023-11-24,3,267.32,801.96,Online,Austin Downtown,ACH
SALE10939,CUST1034,PROD116,2025-05-15,2,1767.01,3534.02,Dealer,Austin Downtown,Cash
SALE10940,CUST1108,PROD124,2025-11-05,2,371.79,743.58,Store,Austin Downtown,Visa
SALE10941,CUST1084,PROD108,2023-01-11,2,357.37,714.74,Store,Dallas North,Mastercard
SALE10942,CUST1096,PROD138,2024-09-04,1,1461.50,1461.50,Store,Phoenix East,Cash
SALE10943,CUST1087,PROD109,2024-05-22,2,1636.91,3273.82,Online,Dallas North,ACH
SALE10944,CUST1025,PROD153,2023-07-20,3,2912.20,8736.60,Online,Phoenix East,PayPal
SALE10945,CUST1053,PROD106,2025-05-20,1,1480.35,1480.35,Online,Denver Central,Mastercard
SALE10946,CUST1010,PROD124,2026-02-18,2,393.66,787.32,Dealer,Denver Central,Amex
SALE10947,CUST1064,PROD141,2025-09-29,2,949.42,1898.84,Dealer,Denver Central,Mastercard
SALE10948,CUST1065,PROD109,2025-07-26,2,1545.97,3091.94,online,Phoenix East,ACH
SALE10949,CUST1068,PROD108,08/27/2025,1,339.50,339.50,Online,Phoenix East,Mastercard
SALE10950,CUST1048,PROD159,2025-04-16,1,900.73,900.73,Online,AUSTIN DOWNTOWN,Amex
SALE10951,CUST1038,PROD103,2025-01-30,1,2794.55,2794.55,Store,Dallas North,Amex
SALE10952,CUST1063,PROD102,2025-05-13,2,765.04,1530.08,Online,Dallas North,Amex
SALE10953,CUST1024,PROD153,2023-09-08,4,3065.47,12261.88,Dealer,Dallas North,Visa
SALE10954,CUST1006,PROD127,2024-09-26,2,2442.69,4885.38,Dealer,Denver Central,amex
SALE10955,CUST1049,PROD131,2023-10-11,2,967.22,1934.44,Dealer,Phoenix East,PayPal
SALE10956,CUST1058,PROD143,2024-10-28,2,1227.82,2455.64,Online,Online Warehouse,Cash
SALE10957,CUST1053,PROD125,25-Nov-2024,1,2259.24,2259.24,Dealer,Austin Downtown,Cash
SALE10958,CUST1057,PROD148,2023-07-01,3,411.39,1234.17,Online,Phoenix East,Visa
SALE10959,CUST1081,PROD151,2023-09-11,3,1310.39,3931.17,Dealer,Online Warehouse,Visa
SALE10960,CUST1080,PROD135,2025-12-04,1,345.21,345.21,online,Denver Central,ACH
SALE10961,CUST1003,PROD108,2024-07-17,1,357.37,357.37,Online,Houston West,Cash
SALE10962,CUST1114,PROD138,12/28/2025,2,1461.50,2923.00,Dealer,Dallas North,PayPal
SALE10963,CUST1006,PROD132,2025-06-14,1,2387.28,2387.28,Online,Denver Central,Visa
SALE10964,CUST1068,PROD121,2023-07-06,2,3037.75,6075.50,Online,Austin Downtown,ACH
SALE10965,CUST1037,PROD110,2023-07-03,1,714.87,714.87,Online,Dallas North,PayPal
SALE10966,CUST1022,PROD104,2023-02-25,2,1158.63,2317.26,Dealer,Austin Downtown,Amex
SALE10967,CUST1013,PROD121,2024-10-25,1,2885.86,2885.86,Store,Denver Central,Visa
SALE10968,CUST1026,PROD116,2025-11-07,1,1974.89,1974.89,Dealer,Denver Central,Visa
SALE10969,CUST1008,PROD121,2025-04-13,2,2733.97,5467.94,Online,Denver Central,Visa
SALE10970,CUST1082,PROD115,2026-02-08,1,2634.93,2634.93,Dealer,Phoenix East,Visa
SALE10971,CUST1098,PROD136,2025-04-13,1,887.55,887.55,Store,Austin Downtown,Cash
SALE10972,CUST1027,PROD151,2026-01-11,2,1455.99,2911.98,online,Houston West,ach
SALE10973,CUST1117,PROD136,2023-01-03,2,887.55,1775.10,Store,Online Warehouse,Amex
SALE10974,CUST1022,PROD101,2024-07-13,1,2591.90,2591.90,Dealer,Dallas North,Cash
SALE10975,CUST1045,PROD154,11/11/2025,1,2854.19,2854.19,Store,AUSTIN DOWNTOWN,Mastercard
SALE10976,CUST1069,PROD137,2023-07-03,1,1293.30,1293.30,Store,Phoenix East,Visa
SALE10977,CUST1018,PROD147,2024-03-07,2,247.99,495.98,Dealer,Online Warehouse,Amex
SALE10978,CUST1088,PROD122,2025-07-16,2,2017.73,4035.46,Store,Houston West,Cash
SALE10979,CUST1044,PROD114,2024-11-03,2,274.81,549.62,Online,Phoenix East,Mastercard
SALE10980,CUST1119,PROD101,2023-01-20,2,2728.32,5456.64,Dealer,Houston West,PayPal
SALE10981,CUST1115,PROD145,2025-03-15,4,67.50,270.00,Dealer,Austin Downtown,Cash
SALE10982,CUST1010,PROD135,2025-06-30,1,306.86,306.86,Dealer,Austin Downtown,Amex
SALE10983,CUST1049,PROD153,2023-12-29,3,2912.20,8736.60,Dealer,Austin Downtown,Visa
SALE10984,CUST1048,PROD160,2023-01-20,2,911.25,1822.50,online,Phoenix East,Visa
SALE10985,CUST1036,PROD144,2023-07-04,2,1480.94,2961.88,Dealer,Phoenix East,Amex
SALE10986,CUST1092,PROD115,13-Jan-2025,1,2503.18,2503.18,Online,Dallas North,PayPal
SALE10987,CUST1091,PROD146,2024-02-06,2,1404.32,2808.64,Dealer,Denver Central,Visa
SALE10988,CUST1036,PROD137,02/04/2026,2,1293.30,2586.60,Online,Phoenix East,Cash
SALE10989,CUST1087,PROD144,2023-09-20,1,1480.94,1480.94,Dealer,Austin Downtown,Mastercard
SALE10990,CUST1120,PROD137,2024-07-15,1,1163.97,1163.97,Online,Phoenix East,visa
SALE10991,CUST1087,PROD135,2026-02-21,3,326.03,978.09,Store,Austin Downtown,PayPal
SALE10992,CUST1087,PROD142,2024-10-23,1,363.74,363.74,Store,Denver Central,Amex
SALE10993,CUST1088,PROD134,2025-01-10,2,1764.09,3528.18,Dealer,Austin Downtown,Cash
SALE10994,CUST1007,PROD118,2025-07-08,2,2735.04,5470.08,Store,Austin Downtown,PayPal
SALE10995,CUST1043,PROD106,2024-04-07,1,1258.30,1258.30,Dealer,Denver Central,Visa
SALE10996,CUST1032,PROD113,2024-09-28,1,2787.60,2787.60,online,Phoenix East,Cash
SALE10997,CUST1004,PROD131,2023-02-19,4,967.22,3868.88,Dealer,Phoenix East,Amex
SALE10998,CUST1033,PROD116,2024-05-03,1,1974.89,1974.89,Store,Austin Downtown,Amex
SALE10999,CUST1102,PROD116,2025-06-17,1,1663.06,1663.06,Online,Phoenix East,PayPal
SALE11000,CUST1016,PROD106,2025-02-11,1,1480.35,1480.35,Store,PHOENIX EAST,Visa
